Brand,w/c.,value,Volume,Distribution
All others 250/300/330 can 6 pk,05/03/2017,190617,102366,95
All others 250/300/330 can 6 pk,12/03/2017,187859,103744,93
All others 250/300/330 can 6 pk,19/03/2017,221481,121501,95
All others 250/300/330 can 6 pk,26/03/2017,193133,103526,95
All others 250/300/330 can 6 pk,02/04/2017,245373,130569,96
All others 250/300/330 can 6 pk,09/04/2017,248463,144950,96
All others 250/300/330 can 6 pk,16/04/2017,267246,143314,98
All others 250/300/330 can 6 pk,23/04/2017,271516,161155,99
All others 250/300/330 can 6 pk,30/04/2017,282911,161477,98
All others 250/300/330 can 6 pk,07/05/2017,252725,152219,98
All others 250/300/330 can 6 pk,14/05/2017,216616,116200,97
All others 250/300/330 can 6 pk,21/05/2017,257728,138181,97
All others 250/300/330 can 6 pk,28/05/2017,371525,196569,98
All others 250/300/330 can 6 pk,04/06/2017,254222,130536,97
All others 250/300/330 can 6 pk,11/06/2017,284677,164790,98
All others 250/300/330 can 6 pk,18/06/2017,362494,191480,98
All others 250/300/330 can 6 pk,25/06/2017,250257,128011,97
All others 250/300/330 can 6 pk,02/07/2017,281511,150596,95
All others 250/300/330 can 6 pk,09/07/2017,290257,152621,97
All others 250/300/330 can 6 pk,16/07/2017,268049,136875,97
All others 250/300/330 can 6 pk,23/07/2017,461924,262457,99
All others 250/300/330 can 6 pk,30/07/2017,300877,157000,98
All others 250/300/330 can 6 pk,06/08/2017,272178,141007,98
All others 250/300/330 can 6 pk,13/08/2017,327351,177579,98
All others 250/300/330 can 6 pk,20/08/2017,240929,143593,99
All others 250/300/330 can 6 pk,27/08/2017,234573,120896,98
All others 250/300/330 can 6 pk,03/09/2017,258022,137503,98
All others 250/300/330 can 6 pk,10/09/2017,271847,159309,96
All others 250/300/330 can 6 pk,17/09/2017,182519,96484,97
All others 250/300/330 can 6 pk,24/09/2017,201193,108336,97
All others 250/300/330 can 6 pk,01/10/2017,278264,165184,99
All others 250/300/330 can 6 pk,08/10/2017,170336,91682,96
All others 250/300/330 can 6 pk,15/10/2017,213355,114972,96
All others 250/300/330 can 6 pk,22/10/2017,205186,109745,96
All others 250/300/330 can 6 pk,29/10/2017,201862,109870,96
All others 250/300/330 can 6 pk,05/11/2017,250154,151403,98
All others 250/300/330 can 6 pk,12/11/2017,169027,90537,95
All others 250/300/330 can 6 pk,19/11/2017,156201,83168,95
All others 250/300/330 can 6 pk,26/11/2017,249866,135716,95
All others 250/300/330 can 6 pk,03/12/2017,177756,95663,96
All others 250/300/330 can 6 pk,10/12/2017,223054,136940,98
All others 250/300/330 can 6 pk,17/12/2017,157118,83501,96
All others 250/300/330 can 6 pk,24/12/2017,244010,141660,98
All others 250/300/330 can 6 pk,31/12/2017,217617,113275,96
All others 250/300/330 can 6 pk,07/01/2018,189729,101831,95
All others 250/300/330 can 6 pk,14/01/2018,164901,89697,95
All others 250/300/330 can 6 pk,21/01/2018,182447,99788,93
All others 250/300/330 can 6 pk,28/01/2018,256282,152542,98
All others 250/300/330 can 6 pk,04/02/2018,197334,105539,98
All others 250/300/330 can 6 pk,11/02/2018,287973,151489,97
All others 250/300/330 can 6 pk,18/02/2018,232867,135856,98
All others 250/300/330 can 6 pk,25/02/2018,228445,124028,95
All others 250/300/330 can 6 pk,04/03/2018,179405,97017,97
All others 250/300/330 can 6 pk,11/03/2018,168781,90608,95
All others 250/300/330 can 6 pk,18/03/2018,207338,132947,97
All others 250/300/330 can 6 pk,25/03/2018,188833,98265,97
All others 250/300/330 can 6 pk,01/04/2018,250845,127093,98
All others 250/300/330 can 6 pk,08/04/2018,234078,119908,96
All others 250/300/330 can 6 pk,15/04/2018,245731,133265,95
All others 250/300/330 can 6 pk,22/04/2018,248960,140756,95
All others 250/300/330 can 6 pk,29/04/2018,203391,104848,95
All others 250/300/330 can 6 pk,06/05/2018,274755,163820,99
All others 250/300/330 can 6 pk,13/05/2018,318815,179864,97
All others 250/300/330 can 6 pk,20/05/2018,215788,114121,96
All others 250/300/330 can 6 pk,27/05/2018,274878,140767,95
All others 250/300/330 can 6 pk,03/06/2018,233845,122190,96
All others 250/300/330 can 6 pk,10/06/2018,242839,130434,95
All others 250/300/330 can 6 pk,17/06/2018,277867,146740,97
All others 250/300/330 can 6 pk,24/06/2018,259731,137589,94
All others 250/300/330 can 6 pk,01/07/2018,341359,177390,97
All others 250/300/330 can 6 pk,08/07/2018,297431,158627,97
All others 250/300/330 can 6 pk,15/07/2018,306794,159154,95
All others 250/300/330 can 6 pk,22/07/2018,275300,141723,97
All others 250/300/330 can 6 pk,29/07/2018,336351,173191,97
All others 250/300/330 can 6 pk,05/08/2018,333340,197882,99
All others 250/300/330 can 6 pk,12/08/2018,306369,161817,98
All others 250/300/330 can 6 pk,19/08/2018,220083,116281,96
All others 250/300/330 can 6 pk,26/08/2018,272170,171368,98
All others 250/300/330 can 6 pk,02/09/2018,240445,130911,97
All others 250/300/330 can 6 pk,09/09/2018,178923,96150,95
All others 250/300/330 can 6 pk,16/09/2018,206769,109732,96
All others 250/300/330 can 6 pk,23/09/2018,229896,120822,97
All others 250/300/330 can 6 pk,30/09/2018,159457,85315,94
All others 250/300/330 can 6 pk,07/10/2018,228990,124643,94
All others 250/300/330 can 6 pk,14/10/2018,244262,131542,97
All others 250/300/330 can 6 pk,21/10/2018,195446,117806,96
All others 250/300/330 can 6 pk,28/10/2018,237102,129478,95
All others 250/300/330 can 6 pk,04/11/2018,201471,109287,94
All others 250/300/330 can 6 pk,11/11/2018,225447,119647,96
All others 250/300/330 can 6 pk,18/11/2018,183894,112642,97
All others 250/300/330 can 6 pk,25/11/2018,202364,110252,94
All others 250/300/330 can 6 pk,02/12/2018,225087,118885,95
All others 250/300/330 can 6 pk,09/12/2018,192735,103993,95
All others 250/300/330 can 6 pk,16/12/2018,207312,110858,93
All others 250/300/330 can 6 pk,23/12/2018,231233,136158,98
All others 250/300/330 can 6 pk,30/12/2018,196910,106537,96
All others 250/300/330 can 6 pk,06/01/2019,185179,97842,94
All others 250/300/330 can 6 pk,13/01/2019,160599,85983,93
All others 250/300/330 can 6 pk,20/01/2019,146660,76375,91
All others 250/300/330 can 6 pk,27/01/2019,163502,85141,93
All others 250/300/330 can 6 pk,03/02/2019,207158,120279,96
All others 250/300/330 can 6 pk,10/02/2019,214620,110573,95
All others 250/300/330 can 6 pk,17/02/2019,186587,99648,93
All others 250/300/330 can 6 pk,24/02/2019,192620,100862,95
All others 250/300/330 can 6 pk,03/03/2019,348462,219735,97
All others 250/300/330 can 6 pk,10/03/2019,193541,104033,94
All others 250/300/330 can 6 pk,17/03/2019,216973,115433,95
All others 250/300/330 can 6 pk,24/03/2019,187402,100703,93
All others 250/300/330 can 6 pk,31/03/2019,193948,102909,94
All others 250/300/330 can 6 pk,07/04/2019,216942,113588,95
All others 250/300/330 can 6 pk,14/04/2019,262580,136008,96
All others 250/300/330 can 6 pk,21/04/2019,319103,172289,98
All others 250/300/330 can 6 pk,28/04/2019,249479,128083,96
All others 250/300/330 can 6 pk,05/05/2019,244519,126884,96
All others 250/300/330 can 6 pk,12/05/2019,209435,109786,95
All others 250/300/330 can 6 pk,19/05/2019,223886,125002,96
All others 250/300/330 can 6 pk,26/05/2019,234648,121942,94
All others 250/300/330 can 6 pk,02/06/2019,302467,153541,97
All others 250/300/330 can 6 pk,09/06/2019,269238,145760,97
All others 250/300/330 can 6 pk,16/06/2019,252418,132197,97
All others 250/300/330 can 6 pk,23/06/2019,316305,161790,97
All others 250/300/330 can 6 pk,30/06/2019,276609,138618,96
All others 250/300/330 can 6 pk,07/07/2019,345292,199067,96
All others 250/300/330 can 6 pk,14/07/2019,236081,120926,95
All others 250/300/330 can 6 pk,21/07/2019,332611,170244,98
All others 250/300/330 can 6 pk,28/07/2019,302805,151879,97
All others 250/300/330 can 6 pk,04/08/2019,314607,173370,96
All others 250/300/330 can 6 pk,11/08/2019,284159,142162,97
All others 250/300/330 can 6 pk,18/08/2019,222058,115649,94
All others 250/300/330 can 6 pk,25/08/2019,229285,121741,97
All others 250/300/330 can 6 pk,01/09/2019,243412,122258,95
All others 250/300/330 can 6 pk,08/09/2019,282902,151640,97
All others 250/300/330 can 6 pk,15/09/2019,231609,120114,97
All others 250/300/330 can 6 pk,22/09/2019,170151,88321,92
All others 250/300/330 can 6 pk,29/09/2019,218676,115536,91
All others 250/300/330 can 6 pk,06/10/2019,220483,112412,95
All others 250/300/330 can 6 pk,13/10/2019,239350,123664,97
All others 250/300/330 can 6 pk,20/10/2019,191040,99707,90
All others 250/300/330 can 6 pk,27/10/2019,189648,97416,93
All others 250/300/330 can 6 pk,03/11/2019,210450,110344,96
All others 250/300/330 can 6 pk,10/11/2019,204069,111106,92
All others 250/300/330 can 6 pk,17/11/2019,232064,121115,96
All others 250/300/330 can 6 pk,24/11/2019,188685,102400,93
All others 250/300/330 can 6 pk,01/12/2019,222375,117339,95
All others 250/300/330 can 6 pk,08/12/2019,183343,98140,94
All others 250/300/330 can 6 pk,15/12/2019,266559,163179,94
All others 250/300/330 can 6 pk,22/12/2019,206930,107000,94
All others 250/300/330 can 6 pk,29/12/2019,196420,100025,94
All others 250/300/330 can 6 pk,05/01/2020,184627,92936,94
All others 250/300/330 can 6 pk,12/01/2020,165852,86961,93
All others 250/300/330 can 6 pk,19/01/2020,172469,92122,94
All others 250/300/330 can 6 pk,26/01/2020,220496,114676,93
All others 250/300/330 can 6 pk,02/02/2020,218253,115041,96
All others 250/300/330 can 6 pk,09/02/2020,172081,94692,94
All others 250/300/330 can 6 pk,16/02/2020,205249,110365,95
All others 250/300/330 can 6 pk,23/02/2020,311383,190260,97
AMSTEL 250/300/330 can 6 pk,05/03/2017,53182,23928,94
AMSTEL 250/300/330 can 6 pk,12/03/2017,60717,27294,93
AMSTEL 250/300/330 can 6 pk,19/03/2017,121579,80331,98
AMSTEL 250/300/330 can 6 pk,26/03/2017,56183,25485,95
AMSTEL 250/300/330 can 6 pk,02/04/2017,210544,124643,98
AMSTEL 250/300/330 can 6 pk,09/04/2017,88002,39907,94
AMSTEL 250/300/330 can 6 pk,16/04/2017,75548,33917,94
AMSTEL 250/300/330 can 6 pk,23/04/2017,184204,120495,99
AMSTEL 250/300/330 can 6 pk,30/04/2017,174435,114510,99
AMSTEL 250/300/330 can 6 pk,07/05/2017,79269,36157,95
AMSTEL 250/300/330 can 6 pk,14/05/2017,66640,29956,95
AMSTEL 250/300/330 can 6 pk,21/05/2017,85129,38272,96
AMSTEL 250/300/330 can 6 pk,28/05/2017,138621,62087,94
AMSTEL 250/300/330 can 6 pk,04/06/2017,77844,34941,96
AMSTEL 250/300/330 can 6 pk,11/06/2017,80266,36941,95
AMSTEL 250/300/330 can 6 pk,18/06/2017,88942,41198,95
AMSTEL 250/300/330 can 6 pk,25/06/2017,179055,109453,99
AMSTEL 250/300/330 can 6 pk,02/07/2017,74184,34399,96
AMSTEL 250/300/330 can 6 pk,09/07/2017,92600,42931,94
AMSTEL 250/300/330 can 6 pk,16/07/2017,177757,102091,99
AMSTEL 250/300/330 can 6 pk,23/07/2017,87774,40723,96
AMSTEL 250/300/330 can 6 pk,30/07/2017,210642,128748,99
AMSTEL 250/300/330 can 6 pk,06/08/2017,90718,42406,97
AMSTEL 250/300/330 can 6 pk,13/08/2017,83615,38868,95
AMSTEL 250/300/330 can 6 pk,20/08/2017,60619,28239,96
AMSTEL 250/300/330 can 6 pk,27/08/2017,184822,112852,99
AMSTEL 250/300/330 can 6 pk,03/09/2017,83365,39816,96
AMSTEL 250/300/330 can 6 pk,10/09/2017,77819,36098,93
AMSTEL 250/300/330 can 6 pk,17/09/2017,138462,84689,98
AMSTEL 250/300/330 can 6 pk,24/09/2017,74959,35042,95
AMSTEL 250/300/330 can 6 pk,01/10/2017,72376,33700,94
AMSTEL 250/300/330 can 6 pk,08/10/2017,143202,87556,99
AMSTEL 250/300/330 can 6 pk,15/10/2017,72614,33490,93
AMSTEL 250/300/330 can 6 pk,22/10/2017,140439,85253,99
AMSTEL 250/300/330 can 6 pk,29/10/2017,69789,32504,95
AMSTEL 250/300/330 can 6 pk,05/11/2017,72101,33493,94
AMSTEL 250/300/330 can 6 pk,12/11/2017,142626,87302,99
AMSTEL 250/300/330 can 6 pk,19/11/2017,182436,120618,99
AMSTEL 250/300/330 can 6 pk,26/11/2017,70360,33607,92
AMSTEL 250/300/330 can 6 pk,03/12/2017,57306,26356,95
AMSTEL 250/300/330 can 6 pk,10/12/2017,64585,29760,95
AMSTEL 250/300/330 can 6 pk,17/12/2017,141591,93450,98
AMSTEL 250/300/330 can 6 pk,24/12/2017,76288,35309,95
AMSTEL 250/300/330 can 6 pk,31/12/2017,60385,28090,95
AMSTEL 250/300/330 can 6 pk,07/01/2018,50864,22422,91
AMSTEL 250/300/330 can 6 pk,14/01/2018,49681,21887,93
AMSTEL 250/300/330 can 6 pk,21/01/2018,57822,25485,94
AMSTEL 250/300/330 can 6 pk,28/01/2018,65727,28912,93
AMSTEL 250/300/330 can 6 pk,04/02/2018,66958,31147,95
AMSTEL 250/300/330 can 6 pk,11/02/2018,63500,28575,93
AMSTEL 250/300/330 can 6 pk,18/02/2018,167630,99390,98
AMSTEL 250/300/330 can 6 pk,25/02/2018,68584,31718,94
AMSTEL 250/300/330 can 6 pk,04/03/2018,53855,24821,95
AMSTEL 250/300/330 can 6 pk,11/03/2018,151652,91993,99
AMSTEL 250/300/330 can 6 pk,18/03/2018,60281,28445,93
AMSTEL 250/300/330 can 6 pk,25/03/2018,57842,26922,95
AMSTEL 250/300/330 can 6 pk,01/04/2018,74568,34321,95
AMSTEL 250/300/330 can 6 pk,08/04/2018,148481,83843,99
AMSTEL 250/300/330 can 6 pk,15/04/2018,73696,34082,94
AMSTEL 250/300/330 can 6 pk,22/04/2018,169345,102584,98
AMSTEL 250/300/330 can 6 pk,29/04/2018,197381,130829,99
AMSTEL 250/300/330 can 6 pk,06/05/2018,195742,118796,98
AMSTEL 250/300/330 can 6 pk,13/05/2018,95924,44590,98
AMSTEL 250/300/330 can 6 pk,20/05/2018,178998,102184,99
AMSTEL 250/300/330 can 6 pk,27/05/2018,110028,52887,97
AMSTEL 250/300/330 can 6 pk,03/06/2018,83203,38212,97
AMSTEL 250/300/330 can 6 pk,10/06/2018,202629,123083,99
AMSTEL 250/300/330 can 6 pk,17/06/2018,72139,33218,96
AMSTEL 250/300/330 can 6 pk,24/06/2018,198408,113355,99
AMSTEL 250/300/330 can 6 pk,01/07/2018,109944,51910,97
AMSTEL 250/300/330 can 6 pk,08/07/2018,80642,37375,97
AMSTEL 250/300/330 can 6 pk,15/07/2018,91700,42247,96
AMSTEL 250/300/330 can 6 pk,22/07/2018,231711,132478,99
AMSTEL 250/300/330 can 6 pk,29/07/2018,118522,52767,97
AMSTEL 250/300/330 can 6 pk,05/08/2018,257061,160594,99
AMSTEL 250/300/330 can 6 pk,12/08/2018,77485,34606,97
AMSTEL 250/300/330 can 6 pk,19/08/2018,193941,127811,99
AMSTEL 250/300/330 can 6 pk,26/08/2018,187827,117319,99
AMSTEL 250/300/330 can 6 pk,02/09/2018,64198,28621,96
AMSTEL 250/300/330 can 6 pk,09/09/2018,173399,101331,98
AMSTEL 250/300/330 can 6 pk,16/09/2018,163798,90542,98
AMSTEL 250/300/330 can 6 pk,23/09/2018,167626,92140,99
AMSTEL 250/300/330 can 6 pk,30/09/2018,195693,142299,99
AMSTEL 250/300/330 can 6 pk,07/10/2018,178249,104162,98
AMSTEL 250/300/330 can 6 pk,14/10/2018,70712,31508,96
AMSTEL 250/300/330 can 6 pk,21/10/2018,205311,149443,98
AMSTEL 250/300/330 can 6 pk,28/10/2018,68789,30938,95
AMSTEL 250/300/330 can 6 pk,04/11/2018,162364,94868,98
AMSTEL 250/300/330 can 6 pk,11/11/2018,62558,28892,95
AMSTEL 250/300/330 can 6 pk,18/11/2018,153607,93223,99
AMSTEL 250/300/330 can 6 pk,25/11/2018,75867,35005,95
AMSTEL 250/300/330 can 6 pk,02/12/2018,196301,119355,98
AMSTEL 250/300/330 can 6 pk,09/12/2018,67563,31225,96
AMSTEL 250/300/330 can 6 pk,16/12/2018,171876,104443,98
AMSTEL 250/300/330 can 6 pk,23/12/2018,90817,42152,97
AMSTEL 250/300/330 can 6 pk,30/12/2018,73628,33961,95
AMSTEL 250/300/330 can 6 pk,06/01/2019,72797,33553,96
AMSTEL 250/300/330 can 6 pk,13/01/2019,180384,126182,98
AMSTEL 250/300/330 can 6 pk,20/01/2019,64932,28722,93
AMSTEL 250/300/330 can 6 pk,27/01/2019,56317,24825,93
AMSTEL 250/300/330 can 6 pk,03/02/2019,69579,30643,96
AMSTEL 250/300/330 can 6 pk,10/02/2019,187984,116596,98
AMSTEL 250/300/330 can 6 pk,17/02/2019,66905,28896,95
AMSTEL 250/300/330 can 6 pk,24/02/2019,201100,122069,98
AMSTEL 250/300/330 can 6 pk,03/03/2019,71050,29944,94
AMSTEL 250/300/330 can 6 pk,10/03/2019,68186,28742,94
AMSTEL 250/300/330 can 6 pk,17/03/2019,77153,33636,96
AMSTEL 250/300/330 can 6 pk,24/03/2019,75833,32724,94
AMSTEL 250/300/330 can 6 pk,31/03/2019,67347,29225,96
AMSTEL 250/300/330 can 6 pk,07/04/2019,94253,40612,96
AMSTEL 250/300/330 can 6 pk,14/04/2019,200609,120986,98
AMSTEL 250/300/330 can 6 pk,21/04/2019,93775,40525,97
AMSTEL 250/300/330 can 6 pk,28/04/2019,85573,36860,97
AMSTEL 250/300/330 can 6 pk,05/05/2019,201262,121913,98
AMSTEL 250/300/330 can 6 pk,12/05/2019,86417,38576,97
AMSTEL 250/300/330 can 6 pk,19/05/2019,75390,33882,96
AMSTEL 250/300/330 can 6 pk,26/05/2019,102525,45938,96
AMSTEL 250/300/330 can 6 pk,02/06/2019,97336,41024,97
AMSTEL 250/300/330 can 6 pk,09/06/2019,75728,31896,96
AMSTEL 250/300/330 can 6 pk,16/06/2019,176925,107807,99
AMSTEL 250/300/330 can 6 pk,23/06/2019,102001,45346,98
AMSTEL 250/300/330 can 6 pk,30/06/2019,99936,44586,98
AMSTEL 250/300/330 can 6 pk,07/07/2019,104695,46756,96
AMSTEL 250/300/330 can 6 pk,14/07/2019,206845,137644,99
AMSTEL 250/300/330 can 6 pk,21/07/2019,87126,38081,97
AMSTEL 250/300/330 can 6 pk,28/07/2019,117740,51328,98
AMSTEL 250/300/330 can 6 pk,04/08/2019,105389,45606,98
AMSTEL 250/300/330 can 6 pk,11/08/2019,247330,141531,98
AMSTEL 250/300/330 can 6 pk,18/08/2019,71640,31151,97
AMSTEL 250/300/330 can 6 pk,25/08/2019,218551,143237,99
AMSTEL 250/300/330 can 6 pk,01/09/2019,85737,37301,97
AMSTEL 250/300/330 can 6 pk,08/09/2019,244076,162589,98
AMSTEL 250/300/330 can 6 pk,15/09/2019,60505,26463,95
AMSTEL 250/300/330 can 6 pk,22/09/2019,188813,120814,98
AMSTEL 250/300/330 can 6 pk,29/09/2019,81899,35620,95
AMSTEL 250/300/330 can 6 pk,06/10/2019,158929,90742,98
AMSTEL 250/300/330 can 6 pk,13/10/2019,71382,31039,97
AMSTEL 250/300/330 can 6 pk,20/10/2019,189727,124406,97
AMSTEL 250/300/330 can 6 pk,27/10/2019,63535,27764,96
AMSTEL 250/300/330 can 6 pk,03/11/2019,161309,92075,98
AMSTEL 250/300/330 can 6 pk,10/11/2019,153385,87651,98
AMSTEL 250/300/330 can 6 pk,17/11/2019,59990,26146,94
AMSTEL 250/300/330 can 6 pk,24/11/2019,132285,75519,97
AMSTEL 250/300/330 can 6 pk,01/12/2019,61851,26964,96
AMSTEL 250/300/330 can 6 pk,08/12/2019,151512,86813,99
AMSTEL 250/300/330 can 6 pk,15/12/2019,72280,31431,94
AMSTEL 250/300/330 can 6 pk,22/12/2019,141668,81156,98
AMSTEL 250/300/330 can 6 pk,29/12/2019,98387,52391,98
AMSTEL 250/300/330 can 6 pk,05/01/2020,63444,27589,96
AMSTEL 250/300/330 can 6 pk,12/01/2020,121531,69619,98
AMSTEL 250/300/330 can 6 pk,19/01/2020,65172,27540,96
AMSTEL 250/300/330 can 6 pk,26/01/2020,169816,94341,98
AMSTEL 250/300/330 can 6 pk,02/02/2020,59682,26233,96
AMSTEL 250/300/330 can 6 pk,09/02/2020,59422,25057,93
AMSTEL 250/300/330 can 6 pk,16/02/2020,132605,77535,98
AMSTEL 250/300/330 can 6 pk,23/02/2020,60358,25465,94
BAVARIA 250/300/330 can 6 pk,05/03/2017,47477,27482,93
BAVARIA 250/300/330 can 6 pk,12/03/2017,41409,21948,89
BAVARIA 250/300/330 can 6 pk,19/03/2017,44655,23655,90
BAVARIA 250/300/330 can 6 pk,26/03/2017,44434,23716,89
BAVARIA 250/300/330 can 6 pk,02/04/2017,48029,25243,90
BAVARIA 250/300/330 can 6 pk,09/04/2017,85951,56672,93
BAVARIA 250/300/330 can 6 pk,16/04/2017,46421,24544,91
BAVARIA 250/300/330 can 6 pk,23/04/2017,36731,19418,86
BAVARIA 250/300/330 can 6 pk,30/04/2017,45938,24293,88
BAVARIA 250/300/330 can 6 pk,07/05/2017,51933,31900,89
BAVARIA 250/300/330 can 6 pk,14/05/2017,47533,25514,90
BAVARIA 250/300/330 can 6 pk,21/05/2017,52544,27821,91
BAVARIA 250/300/330 can 6 pk,28/05/2017,137805,95256,97
BAVARIA 250/300/330 can 6 pk,04/06/2017,56767,28967,92
BAVARIA 250/300/330 can 6 pk,11/06/2017,51300,26045,90
BAVARIA 250/300/330 can 6 pk,18/06/2017,54956,27954,90
BAVARIA 250/300/330 can 6 pk,25/06/2017,56735,29656,90
BAVARIA 250/300/330 can 6 pk,02/07/2017,58466,29833,90
BAVARIA 250/300/330 can 6 pk,09/07/2017,99840,66643,96
BAVARIA 250/300/330 can 6 pk,16/07/2017,50703,26009,92
BAVARIA 250/300/330 can 6 pk,23/07/2017,60263,35327,91
BAVARIA 250/300/330 can 6 pk,30/07/2017,51110,27825,88
BAVARIA 250/300/330 can 6 pk,06/08/2017,60745,32322,89
BAVARIA 250/300/330 can 6 pk,13/08/2017,50047,27473,89
BAVARIA 250/300/330 can 6 pk,20/08/2017,42867,21950,88
BAVARIA 250/300/330 can 6 pk,27/08/2017,51078,28692,88
BAVARIA 250/300/330 can 6 pk,03/09/2017,51462,28504,89
BAVARIA 250/300/330 can 6 pk,10/09/2017,45446,23590,88
BAVARIA 250/300/330 can 6 pk,17/09/2017,41355,23051,86
BAVARIA 250/300/330 can 6 pk,24/09/2017,46863,24241,89
BAVARIA 250/300/330 can 6 pk,01/10/2017,43073,22178,88
BAVARIA 250/300/330 can 6 pk,08/10/2017,37348,19172,87
BAVARIA 250/300/330 can 6 pk,15/10/2017,101298,68276,96
BAVARIA 250/300/330 can 6 pk,22/10/2017,39628,20560,88
BAVARIA 250/300/330 can 6 pk,29/10/2017,213165,211835,97
BAVARIA 250/300/330 can 6 pk,05/11/2017,44157,24203,89
BAVARIA 250/300/330 can 6 pk,12/11/2017,39035,20451,88
BAVARIA 250/300/330 can 6 pk,19/11/2017,33666,17382,88
BAVARIA 250/300/330 can 6 pk,26/11/2017,39762,20556,86
BAVARIA 250/300/330 can 6 pk,03/12/2017,38597,20018,88
BAVARIA 250/300/330 can 6 pk,10/12/2017,39240,20436,87
BAVARIA 250/300/330 can 6 pk,17/12/2017,34454,18107,86
BAVARIA 250/300/330 can 6 pk,24/12/2017,45130,23578,90
BAVARIA 250/300/330 can 6 pk,31/12/2017,37814,19903,85
BAVARIA 250/300/330 can 6 pk,07/01/2018,29269,15410,86
BAVARIA 250/300/330 can 6 pk,14/01/2018,35764,18640,87
BAVARIA 250/300/330 can 6 pk,21/01/2018,73547,48296,95
BAVARIA 250/300/330 can 6 pk,28/01/2018,41061,20790,89
BAVARIA 250/300/330 can 6 pk,04/02/2018,41022,19838,88
BAVARIA 250/300/330 can 6 pk,11/02/2018,67307,38432,87
BAVARIA 250/300/330 can 6 pk,18/02/2018,36451,18436,86
BAVARIA 250/300/330 can 6 pk,25/02/2018,36980,18780,87
BAVARIA 250/300/330 can 6 pk,04/03/2018,37655,20875,85
BAVARIA 250/300/330 can 6 pk,11/03/2018,31469,15288,83
BAVARIA 250/300/330 can 6 pk,18/03/2018,86798,69023,96
BAVARIA 250/300/330 can 6 pk,25/03/2018,36380,18620,88
BAVARIA 250/300/330 can 6 pk,01/04/2018,43196,22669,89
BAVARIA 250/300/330 can 6 pk,08/04/2018,39737,20598,85
BAVARIA 250/300/330 can 6 pk,15/04/2018,47190,24114,86
BAVARIA 250/300/330 can 6 pk,22/04/2018,114468,74387,96
BAVARIA 250/300/330 can 6 pk,29/04/2018,39002,19151,84
BAVARIA 250/300/330 can 6 pk,06/05/2018,43586,24348,85
BAVARIA 250/300/330 can 6 pk,13/05/2018,45734,22285,88
BAVARIA 250/300/330 can 6 pk,20/05/2018,39888,20087,85
BAVARIA 250/300/330 can 6 pk,27/05/2018,91770,54444,97
BAVARIA 250/300/330 can 6 pk,03/06/2018,41657,20167,88
BAVARIA 250/300/330 can 6 pk,10/06/2018,40112,19432,86
BAVARIA 250/300/330 can 6 pk,17/06/2018,38934,18995,85
BAVARIA 250/300/330 can 6 pk,24/06/2018,36996,17919,83
BAVARIA 250/300/330 can 6 pk,01/07/2018,48376,23313,89
BAVARIA 250/300/330 can 6 pk,08/07/2018,43566,21008,86
BAVARIA 250/300/330 can 6 pk,15/07/2018,94522,60220,96
BAVARIA 250/300/330 can 6 pk,22/07/2018,43523,21180,89
BAVARIA 250/300/330 can 6 pk,29/07/2018,49366,23859,90
BAVARIA 250/300/330 can 6 pk,05/08/2018,45487,22410,84
BAVARIA 250/300/330 can 6 pk,12/08/2018,39455,19189,85
BAVARIA 250/300/330 can 6 pk,19/08/2018,30768,14908,82
BAVARIA 250/300/330 can 6 pk,26/08/2018,35291,17070,81
BAVARIA 250/300/330 can 6 pk,02/09/2018,33226,16040,83
BAVARIA 250/300/330 can 6 pk,09/09/2018,70267,44546,96
BAVARIA 250/300/330 can 6 pk,16/09/2018,37150,18050,87
BAVARIA 250/300/330 can 6 pk,23/09/2018,31871,15379,82
BAVARIA 250/300/330 can 6 pk,30/09/2018,28949,15054,80
BAVARIA 250/300/330 can 6 pk,07/10/2018,30444,14745,82
BAVARIA 250/300/330 can 6 pk,14/10/2018,35246,17074,84
BAVARIA 250/300/330 can 6 pk,21/10/2018,50629,32039,93
BAVARIA 250/300/330 can 6 pk,28/10/2018,31016,15006,84
BAVARIA 250/300/330 can 6 pk,04/11/2018,29713,14300,82
BAVARIA 250/300/330 can 6 pk,11/11/2018,31999,15434,83
BAVARIA 250/300/330 can 6 pk,18/11/2018,28225,13551,81
BAVARIA 250/300/330 can 6 pk,25/11/2018,70614,44889,95
BAVARIA 250/300/330 can 6 pk,02/12/2018,30367,14747,84
BAVARIA 250/300/330 can 6 pk,09/12/2018,31694,15496,82
BAVARIA 250/300/330 can 6 pk,16/12/2018,28830,14331,78
BAVARIA 250/300/330 can 6 pk,23/12/2018,35628,17303,85
BAVARIA 250/300/330 can 6 pk,30/12/2018,33202,16983,81
BAVARIA 250/300/330 can 6 pk,06/01/2019,30293,14898,81
BAVARIA 250/300/330 can 6 pk,13/01/2019,27099,13104,80
BAVARIA 250/300/330 can 6 pk,20/01/2019,96488,71078,94
BAVARIA 250/300/330 can 6 pk,27/01/2019,30691,15927,81
BAVARIA 250/300/330 can 6 pk,03/02/2019,29572,13981,82
BAVARIA 250/300/330 can 6 pk,10/02/2019,32048,15117,79
BAVARIA 250/300/330 can 6 pk,17/02/2019,35021,16743,82
BAVARIA 250/300/330 can 6 pk,24/02/2019,39449,18626,81
BAVARIA 250/300/330 can 6 pk,03/03/2019,116003,81618,96
BAVARIA 250/300/330 can 6 pk,10/03/2019,38327,21433,83
BAVARIA 250/300/330 can 6 pk,17/03/2019,32905,15725,85
BAVARIA 250/300/330 can 6 pk,24/03/2019,33661,16195,82
BAVARIA 250/300/330 can 6 pk,31/03/2019,31829,15040,81
BAVARIA 250/300/330 can 6 pk,07/04/2019,74000,46560,92
BAVARIA 250/300/330 can 6 pk,14/04/2019,31938,15129,82
BAVARIA 250/300/330 can 6 pk,21/04/2019,35105,16497,85
BAVARIA 250/300/330 can 6 pk,28/04/2019,38112,18941,85
BAVARIA 250/300/330 can 6 pk,05/05/2019,32783,15573,81
BAVARIA 250/300/330 can 6 pk,12/05/2019,34911,16834,83
BAVARIA 250/300/330 can 6 pk,19/05/2019,30314,14236,81
BAVARIA 250/300/330 can 6 pk,26/05/2019,94083,60376,93
BAVARIA 250/300/330 can 6 pk,02/06/2019,42091,19998,86
BAVARIA 250/300/330 can 6 pk,09/06/2019,92184,57282,96
BAVARIA 250/300/330 can 6 pk,16/06/2019,35829,17919,89
BAVARIA 250/300/330 can 6 pk,23/06/2019,41432,19176,89
BAVARIA 250/300/330 can 6 pk,30/06/2019,47525,22331,89
BAVARIA 250/300/330 can 6 pk,07/07/2019,85925,53401,92
BAVARIA 250/300/330 can 6 pk,14/07/2019,41732,19454,84
BAVARIA 250/300/330 can 6 pk,21/07/2019,41490,21760,85
BAVARIA 250/300/330 can 6 pk,28/07/2019,49878,25014,89
BAVARIA 250/300/330 can 6 pk,04/08/2019,147071,125645,96
BAVARIA 250/300/330 can 6 pk,11/08/2019,38690,18246,86
BAVARIA 250/300/330 can 6 pk,18/08/2019,38924,20206,84
BAVARIA 250/300/330 can 6 pk,25/08/2019,35302,17820,82
BAVARIA 250/300/330 can 6 pk,01/09/2019,40505,19919,85
BAVARIA 250/300/330 can 6 pk,08/09/2019,30744,14234,82
BAVARIA 250/300/330 can 6 pk,15/09/2019,30228,14349,79
BAVARIA 250/300/330 can 6 pk,22/09/2019,28249,12995,80
BAVARIA 250/300/330 can 6 pk,29/09/2019,65102,46095,89
BAVARIA 250/300/330 can 6 pk,06/10/2019,27817,13040,78
BAVARIA 250/300/330 can 6 pk,13/10/2019,28847,13266,81
BAVARIA 250/300/330 can 6 pk,20/10/2019,81138,56456,95
BAVARIA 250/300/330 can 6 pk,27/10/2019,36625,17575,83
BAVARIA 250/300/330 can 6 pk,03/11/2019,30069,14144,79
BAVARIA 250/300/330 can 6 pk,10/11/2019,91372,63865,94
BAVARIA 250/300/330 can 6 pk,17/11/2019,33645,15937,84
BAVARIA 250/300/330 can 6 pk,24/11/2019,28303,13644,77
BAVARIA 250/300/330 can 6 pk,01/12/2019,31071,14371,82
BAVARIA 250/300/330 can 6 pk,08/12/2019,29097,13595,80
BAVARIA 250/300/330 can 6 pk,15/12/2019,31862,14840,79
BAVARIA 250/300/330 can 6 pk,22/12/2019,31136,14430,76
BAVARIA 250/300/330 can 6 pk,29/12/2019,30498,14072,80
BAVARIA 250/300/330 can 6 pk,05/01/2020,29766,13130,77
BAVARIA 250/300/330 can 6 pk,12/01/2020,24156,10736,73
BAVARIA 250/300/330 can 6 pk,19/01/2020,26828,11898,78
BAVARIA 250/300/330 can 6 pk,26/01/2020,25432,12167,74
BAVARIA 250/300/330 can 6 pk,02/02/2020,28051,13044,79
BAVARIA 250/300/330 can 6 pk,09/02/2020,29317,13890,78
BAVARIA 250/300/330 can 6 pk,16/02/2020,34210,15921,74
BAVARIA 250/300/330 can 6 pk,23/02/2020,76947,47538,77
GROLSCH 250/300/330 can 6 pk,05/03/2017,39930,14612,93
GROLSCH 250/300/330 can 6 pk,12/03/2017,130447,66741,98
GROLSCH 250/300/330 can 6 pk,19/03/2017,48738,18323,95
GROLSCH 250/300/330 can 6 pk,26/03/2017,45060,16549,95
GROLSCH 250/300/330 can 6 pk,02/04/2017,53396,19475,95
GROLSCH 250/300/330 can 6 pk,09/04/2017,150579,67879,98
GROLSCH 250/300/330 can 6 pk,16/04/2017,54127,19846,96
GROLSCH 250/300/330 can 6 pk,23/04/2017,44987,16440,94
GROLSCH 250/300/330 can 6 pk,30/04/2017,60522,22265,96
GROLSCH 250/300/330 can 6 pk,07/05/2017,151902,72704,98
GROLSCH 250/300/330 can 6 pk,14/05/2017,50566,18675,96
GROLSCH 250/300/330 can 6 pk,21/05/2017,56731,20768,96
GROLSCH 250/300/330 can 6 pk,28/05/2017,253270,121165,99
GROLSCH 250/300/330 can 6 pk,04/06/2017,77711,28546,97
GROLSCH 250/300/330 can 6 pk,11/06/2017,61139,22667,96
GROLSCH 250/300/330 can 6 pk,18/06/2017,182278,87234,98
GROLSCH 250/300/330 can 6 pk,25/06/2017,69189,25303,97
GROLSCH 250/300/330 can 6 pk,02/07/2017,53613,19477,94
GROLSCH 250/300/330 can 6 pk,09/07/2017,195239,93698,99
GROLSCH 250/300/330 can 6 pk,16/07/2017,62493,22824,97
GROLSCH 250/300/330 can 6 pk,23/07/2017,179928,85711,98
GROLSCH 250/300/330 can 6 pk,30/07/2017,65057,24340,97
GROLSCH 250/300/330 can 6 pk,06/08/2017,70398,25954,97
GROLSCH 250/300/330 can 6 pk,13/08/2017,180225,92275,99
GROLSCH 250/300/330 can 6 pk,20/08/2017,56684,20836,96
GROLSCH 250/300/330 can 6 pk,27/08/2017,63455,23616,97
GROLSCH 250/300/330 can 6 pk,03/09/2017,60918,22513,97
GROLSCH 250/300/330 can 6 pk,10/09/2017,282663,196156,99
GROLSCH 250/300/330 can 6 pk,17/09/2017,41177,15403,94
GROLSCH 250/300/330 can 6 pk,24/09/2017,45970,16959,95
GROLSCH 250/300/330 can 6 pk,01/10/2017,133645,64699,98
GROLSCH 250/300/330 can 6 pk,08/10/2017,39352,14470,93
GROLSCH 250/300/330 can 6 pk,15/10/2017,144094,69797,98
GROLSCH 250/300/330 can 6 pk,22/10/2017,42798,16044,95
GROLSCH 250/300/330 can 6 pk,29/10/2017,45583,16830,95
GROLSCH 250/300/330 can 6 pk,05/11/2017,137631,66631,98
GROLSCH 250/300/330 can 6 pk,12/11/2017,37813,13941,93
GROLSCH 250/300/330 can 6 pk,19/11/2017,37777,13860,93
GROLSCH 250/300/330 can 6 pk,26/11/2017,126299,60545,98
GROLSCH 250/300/330 can 6 pk,03/12/2017,38680,14292,93
GROLSCH 250/300/330 can 6 pk,10/12/2017,39416,14351,92
GROLSCH 250/300/330 can 6 pk,17/12/2017,38535,13880,93
GROLSCH 250/300/330 can 6 pk,24/12/2017,123459,58824,98
GROLSCH 250/300/330 can 6 pk,31/12/2017,55681,21150,96
GROLSCH 250/300/330 can 6 pk,07/01/2018,92596,43969,98
GROLSCH 250/300/330 can 6 pk,14/01/2018,33441,12385,93
GROLSCH 250/300/330 can 6 pk,21/01/2018,38206,14919,92
GROLSCH 250/300/330 can 6 pk,28/01/2018,113398,53908,98
GROLSCH 250/300/330 can 6 pk,04/02/2018,44361,16957,94
GROLSCH 250/300/330 can 6 pk,11/02/2018,43815,16739,91
GROLSCH 250/300/330 can 6 pk,18/02/2018,40328,14523,92
GROLSCH 250/300/330 can 6 pk,25/02/2018,130115,61887,98
GROLSCH 250/300/330 can 6 pk,04/03/2018,35975,13137,93
GROLSCH 250/300/330 can 6 pk,11/03/2018,37963,13563,91
GROLSCH 250/300/330 can 6 pk,18/03/2018,144955,84962,98
GROLSCH 250/300/330 can 6 pk,25/03/2018,41072,15005,94
GROLSCH 250/300/330 can 6 pk,01/04/2018,47276,16973,94
GROLSCH 250/300/330 can 6 pk,08/04/2018,46001,16416,95
GROLSCH 250/300/330 can 6 pk,15/04/2018,152976,72054,99
GROLSCH 250/300/330 can 6 pk,22/04/2018,266545,176579,98
GROLSCH 250/300/330 can 6 pk,29/04/2018,59677,21968,96
GROLSCH 250/300/330 can 6 pk,06/05/2018,146895,69112,99
GROLSCH 250/300/330 can 6 pk,13/05/2018,281873,186974,99
GROLSCH 250/300/330 can 6 pk,20/05/2018,54795,19774,97
GROLSCH 250/300/330 can 6 pk,27/05/2018,175942,77196,99
GROLSCH 250/300/330 can 6 pk,03/06/2018,62134,22709,95
GROLSCH 250/300/330 can 6 pk,10/06/2018,57848,20881,94
GROLSCH 250/300/330 can 6 pk,17/06/2018,52957,18887,95
GROLSCH 250/300/330 can 6 pk,24/06/2018,154246,68257,98
GROLSCH 250/300/330 can 6 pk,01/07/2018,71774,26174,97
GROLSCH 250/300/330 can 6 pk,08/07/2018,67560,24231,97
GROLSCH 250/300/330 can 6 pk,15/07/2018,208266,98226,98
GROLSCH 250/300/330 can 6 pk,22/07/2018,70174,25887,97
GROLSCH 250/300/330 can 6 pk,29/07/2018,75805,27104,96
GROLSCH 250/300/330 can 6 pk,05/08/2018,197622,93088,98
GROLSCH 250/300/330 can 6 pk,12/08/2018,62800,23986,97
GROLSCH 250/300/330 can 6 pk,19/08/2018,53448,21893,94
GROLSCH 250/300/330 can 6 pk,26/08/2018,182897,107178,98
GROLSCH 250/300/330 can 6 pk,02/09/2018,49049,18022,95
GROLSCH 250/300/330 can 6 pk,09/09/2018,47527,16967,94
GROLSCH 250/300/330 can 6 pk,16/09/2018,118929,52676,98
GROLSCH 250/300/330 can 6 pk,23/09/2018,43452,15874,95
GROLSCH 250/300/330 can 6 pk,30/09/2018,37497,13371,94
GROLSCH 250/300/330 can 6 pk,07/10/2018,120835,56814,98
GROLSCH 250/300/330 can 6 pk,14/10/2018,42498,15155,95
GROLSCH 250/300/330 can 6 pk,21/10/2018,90843,42655,98
GROLSCH 250/300/330 can 6 pk,28/10/2018,38887,13937,94
GROLSCH 250/300/330 can 6 pk,04/11/2018,114705,53963,98
GROLSCH 250/300/330 can 6 pk,11/11/2018,39284,15353,94
GROLSCH 250/300/330 can 6 pk,18/11/2018,35174,12733,94
GROLSCH 250/300/330 can 6 pk,25/11/2018,126163,59448,98
GROLSCH 250/300/330 can 6 pk,02/12/2018,41452,14939,94
GROLSCH 250/300/330 can 6 pk,09/12/2018,39241,13993,93
GROLSCH 250/300/330 can 6 pk,16/12/2018,103774,48829,98
GROLSCH 250/300/330 can 6 pk,23/12/2018,47171,21936,96
GROLSCH 250/300/330 can 6 pk,30/12/2018,46249,18860,95
GROLSCH 250/300/330 can 6 pk,06/01/2019,42965,15686,94
GROLSCH 250/300/330 can 6 pk,13/01/2019,36489,13173,92
GROLSCH 250/300/330 can 6 pk,20/01/2019,33205,11825,92
GROLSCH 250/300/330 can 6 pk,27/01/2019,32197,11427,92
GROLSCH 250/300/330 can 6 pk,03/02/2019,157962,85019,98
GROLSCH 250/300/330 can 6 pk,10/02/2019,41520,14787,95
GROLSCH 250/300/330 can 6 pk,17/02/2019,71600,26077,96
GROLSCH 250/300/330 can 6 pk,24/02/2019,52341,19315,96
GROLSCH 250/300/330 can 6 pk,03/03/2019,48988,18503,94
GROLSCH 250/300/330 can 6 pk,10/03/2019,40276,14352,95
GROLSCH 250/300/330 can 6 pk,17/03/2019,125586,58753,98
GROLSCH 250/300/330 can 6 pk,24/03/2019,41104,14902,96
GROLSCH 250/300/330 can 6 pk,31/03/2019,41487,14999,95
GROLSCH 250/300/330 can 6 pk,07/04/2019,52489,18990,97
GROLSCH 250/300/330 can 6 pk,14/04/2019,49926,18129,96
GROLSCH 250/300/330 can 6 pk,21/04/2019,62132,22392,97
GROLSCH 250/300/330 can 6 pk,28/04/2019,63870,23324,97
GROLSCH 250/300/330 can 6 pk,05/05/2019,47306,17044,95
GROLSCH 250/300/330 can 6 pk,12/05/2019,227377,152262,98
GROLSCH 250/300/330 can 6 pk,19/05/2019,46386,16953,96
GROLSCH 250/300/330 can 6 pk,26/05/2019,59995,21590,97
GROLSCH 250/300/330 can 6 pk,02/06/2019,64258,23093,96
GROLSCH 250/300/330 can 6 pk,09/06/2019,110435,51851,98
GROLSCH 250/300/330 can 6 pk,16/06/2019,56891,21586,96
GROLSCH 250/300/330 can 6 pk,23/06/2019,67840,24554,97
GROLSCH 250/300/330 can 6 pk,30/06/2019,71497,25748,96
GROLSCH 250/300/330 can 6 pk,07/07/2019,244189,153488,99
GROLSCH 250/300/330 can 6 pk,14/07/2019,56377,20547,96
GROLSCH 250/300/330 can 6 pk,21/07/2019,62228,23511,95
GROLSCH 250/300/330 can 6 pk,28/07/2019,78565,28342,96
GROLSCH 250/300/330 can 6 pk,04/08/2019,254734,162400,98
GROLSCH 250/300/330 can 6 pk,11/08/2019,59832,22228,96
GROLSCH 250/300/330 can 6 pk,18/08/2019,47437,17272,95
GROLSCH 250/300/330 can 6 pk,25/08/2019,52975,19052,96
GROLSCH 250/300/330 can 6 pk,01/09/2019,58528,21036,95
GROLSCH 250/300/330 can 6 pk,08/09/2019,44135,16105,94
GROLSCH 250/300/330 can 6 pk,15/09/2019,41892,15529,93
GROLSCH 250/300/330 can 6 pk,22/09/2019,38268,13741,93
GROLSCH 250/300/330 can 6 pk,29/09/2019,131746,68025,98
GROLSCH 250/300/330 can 6 pk,06/10/2019,36054,13090,93
GROLSCH 250/300/330 can 6 pk,13/10/2019,34367,12363,92
GROLSCH 250/300/330 can 6 pk,20/10/2019,108000,50847,97
GROLSCH 250/300/330 can 6 pk,27/10/2019,38357,13919,94
GROLSCH 250/300/330 can 6 pk,03/11/2019,32438,11593,91
GROLSCH 250/300/330 can 6 pk,10/11/2019,102436,48231,98
GROLSCH 250/300/330 can 6 pk,17/11/2019,32059,11488,92
GROLSCH 250/300/330 can 6 pk,24/11/2019,71870,33712,98
GROLSCH 250/300/330 can 6 pk,01/12/2019,33701,12294,93
GROLSCH 250/300/330 can 6 pk,08/12/2019,33688,12112,94
GROLSCH 250/300/330 can 6 pk,15/12/2019,189644,128172,98
GROLSCH 250/300/330 can 6 pk,22/12/2019,36850,13401,94
GROLSCH 250/300/330 can 6 pk,29/12/2019,40953,14840,95
GROLSCH 250/300/330 can 6 pk,05/01/2020,40586,14609,95
GROLSCH 250/300/330 can 6 pk,12/01/2020,23392,8611,89
GROLSCH 250/300/330 can 6 pk,19/01/2020,31796,12135,90
GROLSCH 250/300/330 can 6 pk,26/01/2020,95871,42473,98
GROLSCH 250/300/330 can 6 pk,02/02/2020,30850,10621,91
GROLSCH 250/300/330 can 6 pk,09/02/2020,79519,35205,98
GROLSCH 250/300/330 can 6 pk,16/02/2020,32409,12343,91
GROLSCH 250/300/330 can 6 pk,23/02/2020,36576,13500,91
HEINEKEN 250/300/330 can 6 pk,05/03/2017,361298,175619,100
HEINEKEN 250/300/330 can 6 pk,12/03/2017,153733,56369,98
HEINEKEN 250/300/330 can 6 pk,19/03/2017,308079,164355,99
HEINEKEN 250/300/330 can 6 pk,26/03/2017,383495,188283,99
HEINEKEN 250/300/330 can 6 pk,02/04/2017,205095,71702,99
HEINEKEN 250/300/330 can 6 pk,09/04/2017,204482,73191,98
HEINEKEN 250/300/330 can 6 pk,16/04/2017,216656,77016,99
HEINEKEN 250/300/330 can 6 pk,23/04/2017,975285,635237,100
HEINEKEN 250/300/330 can 6 pk,30/04/2017,940514,609647,100
HEINEKEN 250/300/330 can 6 pk,07/05/2017,266198,96169,99
HEINEKEN 250/300/330 can 6 pk,14/05/2017,445090,212265,100
HEINEKEN 250/300/330 can 6 pk,21/05/2017,228283,82165,99
HEINEKEN 250/300/330 can 6 pk,28/05/2017,467475,167920,99
HEINEKEN 250/300/330 can 6 pk,04/06/2017,574009,281772,100
HEINEKEN 250/300/330 can 6 pk,11/06/2017,249081,100177,99
HEINEKEN 250/300/330 can 6 pk,18/06/2017,253834,96541,98
HEINEKEN 250/300/330 can 6 pk,25/06/2017,595224,300954,100
HEINEKEN 250/300/330 can 6 pk,02/07/2017,217350,83176,99
HEINEKEN 250/300/330 can 6 pk,09/07/2017,247405,94147,99
HEINEKEN 250/300/330 can 6 pk,16/07/2017,335439,158048,99
HEINEKEN 250/300/330 can 6 pk,23/07/2017,261678,98901,99
HEINEKEN 250/300/330 can 6 pk,30/07/2017,226332,86032,99
HEINEKEN 250/300/330 can 6 pk,06/08/2017,937515,501225,100
HEINEKEN 250/300/330 can 6 pk,13/08/2017,218501,83935,99
HEINEKEN 250/300/330 can 6 pk,20/08/2017,849103,543357,100
HEINEKEN 250/300/330 can 6 pk,27/08/2017,478550,241504,100
HEINEKEN 250/300/330 can 6 pk,03/09/2017,222546,84871,99
HEINEKEN 250/300/330 can 6 pk,10/09/2017,198137,74686,98
HEINEKEN 250/300/330 can 6 pk,17/09/2017,322803,163056,99
HEINEKEN 250/300/330 can 6 pk,24/09/2017,194692,73466,99
HEINEKEN 250/300/330 can 6 pk,01/10/2017,185613,70772,98
HEINEKEN 250/300/330 can 6 pk,08/10/2017,391970,198300,100
HEINEKEN 250/300/330 can 6 pk,15/10/2017,188819,69766,98
HEINEKEN 250/300/330 can 6 pk,22/10/2017,370546,182976,99
HEINEKEN 250/300/330 can 6 pk,29/10/2017,182482,68440,99
HEINEKEN 250/300/330 can 6 pk,05/11/2017,184771,68088,98
HEINEKEN 250/300/330 can 6 pk,12/11/2017,400129,199070,99
HEINEKEN 250/300/330 can 6 pk,19/11/2017,817608,535110,100
HEINEKEN 250/300/330 can 6 pk,26/11/2017,202641,77624,98
HEINEKEN 250/300/330 can 6 pk,03/12/2017,386017,193172,99
HEINEKEN 250/300/330 can 6 pk,10/12/2017,170998,63988,99
HEINEKEN 250/300/330 can 6 pk,17/12/2017,492626,319767,100
HEINEKEN 250/300/330 can 6 pk,24/12/2017,241715,92009,98
HEINEKEN 250/300/330 can 6 pk,31/12/2017,440330,216564,100
HEINEKEN 250/300/330 can 6 pk,07/01/2018,143898,52561,98
HEINEKEN 250/300/330 can 6 pk,14/01/2018,309887,145836,99
HEINEKEN 250/300/330 can 6 pk,21/01/2018,172010,60570,98
HEINEKEN 250/300/330 can 6 pk,28/01/2018,178674,63437,98
HEINEKEN 250/300/330 can 6 pk,04/02/2018,512735,246211,100
HEINEKEN 250/300/330 can 6 pk,11/02/2018,200261,69251,99
HEINEKEN 250/300/330 can 6 pk,18/02/2018,172348,60871,98
HEINEKEN 250/300/330 can 6 pk,25/02/2018,180241,63675,98
HEINEKEN 250/300/330 can 6 pk,04/03/2018,373231,176823,99
HEINEKEN 250/300/330 can 6 pk,11/03/2018,171322,61370,98
HEINEKEN 250/300/330 can 6 pk,18/03/2018,165013,58828,97
HEINEKEN 250/300/330 can 6 pk,25/03/2018,364700,172073,99
HEINEKEN 250/300/330 can 6 pk,01/04/2018,199972,71290,99
HEINEKEN 250/300/330 can 6 pk,08/04/2018,323475,140064,99
HEINEKEN 250/300/330 can 6 pk,15/04/2018,193444,68985,99
HEINEKEN 250/300/330 can 6 pk,22/04/2018,267055,93769,99
HEINEKEN 250/300/330 can 6 pk,29/04/2018,1364270,891474,100
HEINEKEN 250/300/330 can 6 pk,06/05/2018,267984,98373,99
HEINEKEN 250/300/330 can 6 pk,13/05/2018,286078,102222,99
HEINEKEN 250/300/330 can 6 pk,20/05/2018,374943,165632,100
HEINEKEN 250/300/330 can 6 pk,27/05/2018,320708,118034,99
HEINEKEN 250/300/330 can 6 pk,03/06/2018,1662887,1194685,100
HEINEKEN 250/300/330 can 6 pk,10/06/2018,246787,92641,99
HEINEKEN 250/300/330 can 6 pk,17/06/2018,461076,216917,99
HEINEKEN 250/300/330 can 6 pk,24/06/2018,235085,84792,98
HEINEKEN 250/300/330 can 6 pk,01/07/2018,324881,115450,99
HEINEKEN 250/300/330 can 6 pk,08/07/2018,677320,368121,99
HEINEKEN 250/300/330 can 6 pk,15/07/2018,302374,107192,98
HEINEKEN 250/300/330 can 6 pk,22/07/2018,573513,252651,99
HEINEKEN 250/300/330 can 6 pk,29/07/2018,387148,134066,99
HEINEKEN 250/300/330 can 6 pk,05/08/2018,391935,135751,99
HEINEKEN 250/300/330 can 6 pk,12/08/2018,550458,256242,100
HEINEKEN 250/300/330 can 6 pk,19/08/2018,991634,641438,100
HEINEKEN 250/300/330 can 6 pk,26/08/2018,261761,93044,99
HEINEKEN 250/300/330 can 6 pk,02/09/2018,532103,287100,100
HEINEKEN 250/300/330 can 6 pk,09/09/2018,197968,70047,99
HEINEKEN 250/300/330 can 6 pk,16/09/2018,380840,165315,99
HEINEKEN 250/300/330 can 6 pk,23/09/2018,382081,164390,100
HEINEKEN 250/300/330 can 6 pk,30/09/2018,594143,346899,99
HEINEKEN 250/300/330 can 6 pk,07/10/2018,209310,73306,99
HEINEKEN 250/300/330 can 6 pk,14/10/2018,391492,171356,99
HEINEKEN 250/300/330 can 6 pk,21/10/2018,589520,341007,100
HEINEKEN 250/300/330 can 6 pk,28/10/2018,227020,78800,99
HEINEKEN 250/300/330 can 6 pk,04/11/2018,182578,63097,97
HEINEKEN 250/300/330 can 6 pk,11/11/2018,362495,169431,100
HEINEKEN 250/300/330 can 6 pk,18/11/2018,174943,62101,98
HEINEKEN 250/300/330 can 6 pk,25/11/2018,180322,63285,97
HEINEKEN 250/300/330 can 6 pk,02/12/2018,194128,67984,97
HEINEKEN 250/300/330 can 6 pk,09/12/2018,400024,187437,100
HEINEKEN 250/300/330 can 6 pk,16/12/2018,172987,59865,97
HEINEKEN 250/300/330 can 6 pk,23/12/2018,229984,81436,98
HEINEKEN 250/300/330 can 6 pk,30/12/2018,345723,150815,100
HEINEKEN 250/300/330 can 6 pk,06/01/2019,274920,114417,99
HEINEKEN 250/300/330 can 6 pk,13/01/2019,161456,57080,97
HEINEKEN 250/300/330 can 6 pk,20/01/2019,172896,56794,95
HEINEKEN 250/300/330 can 6 pk,27/01/2019,455760,227540,100
HEINEKEN 250/300/330 can 6 pk,03/02/2019,181845,58571,99
HEINEKEN 250/300/330 can 6 pk,10/02/2019,178253,57652,98
HEINEKEN 250/300/330 can 6 pk,17/02/2019,352695,155355,99
HEINEKEN 250/300/330 can 6 pk,24/02/2019,191510,61513,98
HEINEKEN 250/300/330 can 6 pk,03/03/2019,208854,64744,99
HEINEKEN 250/300/330 can 6 pk,10/03/2019,362304,161252,100
HEINEKEN 250/300/330 can 6 pk,17/03/2019,183245,60309,98
HEINEKEN 250/300/330 can 6 pk,24/03/2019,190221,62176,98
HEINEKEN 250/300/330 can 6 pk,31/03/2019,524888,252250,99
HEINEKEN 250/300/330 can 6 pk,07/04/2019,220059,72369,98
HEINEKEN 250/300/330 can 6 pk,14/04/2019,224562,71215,97
HEINEKEN 250/300/330 can 6 pk,21/04/2019,288307,93581,98
HEINEKEN 250/300/330 can 6 pk,28/04/2019,1484687,930032,100
HEINEKEN 250/300/330 can 6 pk,05/05/2019,283109,103964,99
HEINEKEN 250/300/330 can 6 pk,12/05/2019,280878,89958,99
HEINEKEN 250/300/330 can 6 pk,19/05/2019,270760,86328,99
HEINEKEN 250/300/330 can 6 pk,26/05/2019,256487,84958,98
HEINEKEN 250/300/330 can 6 pk,02/06/2019,515760,222384,100
HEINEKEN 250/300/330 can 6 pk,09/06/2019,218770,72959,99
HEINEKEN 250/300/330 can 6 pk,16/06/2019,356682,173663,99
HEINEKEN 250/300/330 can 6 pk,23/06/2019,275894,92850,99
HEINEKEN 250/300/330 can 6 pk,30/06/2019,592075,263279,100
HEINEKEN 250/300/330 can 6 pk,07/07/2019,291972,99693,100
HEINEKEN 250/300/330 can 6 pk,14/07/2019,526508,265699,100
HEINEKEN 250/300/330 can 6 pk,21/07/2019,246632,81541,99
HEINEKEN 250/300/330 can 6 pk,28/07/2019,1075725,666111,100
HEINEKEN 250/300/330 can 6 pk,04/08/2019,367979,121329,99
HEINEKEN 250/300/330 can 6 pk,11/08/2019,263074,87075,99
HEINEKEN 250/300/330 can 6 pk,18/08/2019,585711,290350,100
HEINEKEN 250/300/330 can 6 pk,25/08/2019,260188,87081,99
HEINEKEN 250/300/330 can 6 pk,01/09/2019,1173217,758512,100
HEINEKEN 250/300/330 can 6 pk,08/09/2019,216406,74594,99
HEINEKEN 250/300/330 can 6 pk,15/09/2019,546924,272290,99
HEINEKEN 250/300/330 can 6 pk,22/09/2019,198046,65212,99
HEINEKEN 250/300/330 can 6 pk,29/09/2019,207323,68162,98
HEINEKEN 250/300/330 can 6 pk,06/10/2019,402902,178335,100
HEINEKEN 250/300/330 can 6 pk,13/10/2019,181739,61034,98
HEINEKEN 250/300/330 can 6 pk,20/10/2019,194764,63865,97
HEINEKEN 250/300/330 can 6 pk,27/10/2019,1098550,709287,100
HEINEKEN 250/300/330 can 6 pk,03/11/2019,175279,59773,97
HEINEKEN 250/300/330 can 6 pk,10/11/2019,178508,59929,97
HEINEKEN 250/300/330 can 6 pk,17/11/2019,357245,159028,99
HEINEKEN 250/300/330 can 6 pk,24/11/2019,165513,54539,98
HEINEKEN 250/300/330 can 6 pk,01/12/2019,371129,164927,99
HEINEKEN 250/300/330 can 6 pk,08/12/2019,172835,58545,98
HEINEKEN 250/300/330 can 6 pk,15/12/2019,185748,61584,98
HEINEKEN 250/300/330 can 6 pk,22/12/2019,324174,143160,100
HEINEKEN 250/300/330 can 6 pk,29/12/2019,528443,301296,100
HEINEKEN 250/300/330 can 6 pk,05/01/2020,823630,528800,100
HEINEKEN 250/300/330 can 6 pk,12/01/2020,258629,116357,99
HEINEKEN 250/300/330 can 6 pk,19/01/2020,164165,52735,98
HEINEKEN 250/300/330 can 6 pk,26/01/2020,165641,52987,98
HEINEKEN 250/300/330 can 6 pk,02/02/2020,348388,147029,100
HEINEKEN 250/300/330 can 6 pk,09/02/2020,162750,52464,98
HEINEKEN 250/300/330 can 6 pk,16/02/2020,311284,139032,99
HEINEKEN 250/300/330 can 6 pk,23/02/2020,199949,61881,99
HERTOG JAN 250/300/330 can 6 pk,05/03/2017,74662,27146,97
HERTOG JAN 250/300/330 can 6 pk,12/03/2017,236765,121561,98
HERTOG JAN 250/300/330 can 6 pk,19/03/2017,81959,30110,97
HERTOG JAN 250/300/330 can 6 pk,26/03/2017,85180,30952,97
HERTOG JAN 250/300/330 can 6 pk,02/04/2017,94690,34450,97
HERTOG JAN 250/300/330 can 6 pk,09/04/2017,100275,36434,98
HERTOG JAN 250/300/330 can 6 pk,16/04/2017,254472,122060,98
HERTOG JAN 250/300/330 can 6 pk,23/04/2017,87574,33866,98
HERTOG JAN 250/300/330 can 6 pk,30/04/2017,115539,42148,98
HERTOG JAN 250/300/330 can 6 pk,07/05/2017,94219,34943,96
HERTOG JAN 250/300/330 can 6 pk,14/05/2017,93333,34068,97
HERTOG JAN 250/300/330 can 6 pk,21/05/2017,290585,139442,99
HERTOG JAN 250/300/330 can 6 pk,28/05/2017,177113,65323,98
HERTOG JAN 250/300/330 can 6 pk,04/06/2017,124274,45332,98
HERTOG JAN 250/300/330 can 6 pk,11/06/2017,285610,135809,99
HERTOG JAN 250/300/330 can 6 pk,18/06/2017,118752,43883,98
HERTOG JAN 250/300/330 can 6 pk,25/06/2017,122792,44800,98
HERTOG JAN 250/300/330 can 6 pk,02/07/2017,314618,150989,99
HERTOG JAN 250/300/330 can 6 pk,09/07/2017,123085,45295,98
HERTOG JAN 250/300/330 can 6 pk,16/07/2017,103953,38054,98
HERTOG JAN 250/300/330 can 6 pk,23/07/2017,123964,45455,97
HERTOG JAN 250/300/330 can 6 pk,30/07/2017,116743,42657,98
HERTOG JAN 250/300/330 can 6 pk,06/08/2017,134134,49045,98
HERTOG JAN 250/300/330 can 6 pk,13/08/2017,107522,39062,98
HERTOG JAN 250/300/330 can 6 pk,20/08/2017,285609,137033,99
HERTOG JAN 250/300/330 can 6 pk,27/08/2017,120683,44289,98
HERTOG JAN 250/300/330 can 6 pk,03/09/2017,301516,144657,98
HERTOG JAN 250/300/330 can 6 pk,10/09/2017,99232,37606,97
HERTOG JAN 250/300/330 can 6 pk,17/09/2017,82610,30581,97
HERTOG JAN 250/300/330 can 6 pk,24/09/2017,278400,136120,98
HERTOG JAN 250/300/330 can 6 pk,01/10/2017,88718,33399,98
HERTOG JAN 250/300/330 can 6 pk,08/10/2017,78231,29185,97
HERTOG JAN 250/300/330 can 6 pk,15/10/2017,87129,32431,97
HERTOG JAN 250/300/330 can 6 pk,22/10/2017,79233,29308,97
HERTOG JAN 250/300/330 can 6 pk,29/10/2017,245699,120203,99
HERTOG JAN 250/300/330 can 6 pk,05/11/2017,84240,31593,97
HERTOG JAN 250/300/330 can 6 pk,12/11/2017,77856,28918,98
HERTOG JAN 250/300/330 can 6 pk,19/11/2017,78221,29118,97
HERTOG JAN 250/300/330 can 6 pk,26/11/2017,80237,29827,97
HERTOG JAN 250/300/330 can 6 pk,03/12/2017,82256,30421,98
HERTOG JAN 250/300/330 can 6 pk,10/12/2017,235905,115512,99
HERTOG JAN 250/300/330 can 6 pk,17/12/2017,76767,28391,98
HERTOG JAN 250/300/330 can 6 pk,24/12/2017,244014,119476,99
HERTOG JAN 250/300/330 can 6 pk,31/12/2017,113731,44324,98
HERTOG JAN 250/300/330 can 6 pk,07/01/2018,59306,21315,96
HERTOG JAN 250/300/330 can 6 pk,14/01/2018,71092,25360,97
HERTOG JAN 250/300/330 can 6 pk,21/01/2018,199645,94221,98
HERTOG JAN 250/300/330 can 6 pk,28/01/2018,77204,27780,97
HERTOG JAN 250/300/330 can 6 pk,04/02/2018,85745,30617,97
HERTOG JAN 250/300/330 can 6 pk,11/02/2018,268756,126536,99
HERTOG JAN 250/300/330 can 6 pk,18/02/2018,87277,33221,97
HERTOG JAN 250/300/330 can 6 pk,25/02/2018,84594,31454,97
HERTOG JAN 250/300/330 can 6 pk,04/03/2018,79760,29490,98
HERTOG JAN 250/300/330 can 6 pk,11/03/2018,206808,101157,99
HERTOG JAN 250/300/330 can 6 pk,18/03/2018,80848,30399,98
HERTOG JAN 250/300/330 can 6 pk,25/03/2018,89278,30021,98
HERTOG JAN 250/300/330 can 6 pk,01/04/2018,269297,119608,99
HERTOG JAN 250/300/330 can 6 pk,08/04/2018,102037,36448,98
HERTOG JAN 250/300/330 can 6 pk,15/04/2018,91913,30857,98
HERTOG JAN 250/300/330 can 6 pk,22/04/2018,296615,131627,98
HERTOG JAN 250/300/330 can 6 pk,29/04/2018,120693,40632,98
HERTOG JAN 250/300/330 can 6 pk,06/05/2018,182202,71435,98
HERTOG JAN 250/300/330 can 6 pk,13/05/2018,320869,142529,99
HERTOG JAN 250/300/330 can 6 pk,20/05/2018,114800,38159,98
HERTOG JAN 250/300/330 can 6 pk,27/05/2018,132839,44038,98
HERTOG JAN 250/300/330 can 6 pk,03/06/2018,124140,41107,98
HERTOG JAN 250/300/330 can 6 pk,10/06/2018,318534,139331,99
HERTOG JAN 250/300/330 can 6 pk,17/06/2018,109867,36593,98
HERTOG JAN 250/300/330 can 6 pk,24/06/2018,105304,34820,97
HERTOG JAN 250/300/330 can 6 pk,01/07/2018,341250,140098,99
HERTOG JAN 250/300/330 can 6 pk,08/07/2018,137605,45580,98
HERTOG JAN 250/300/330 can 6 pk,15/07/2018,140735,46310,97
HERTOG JAN 250/300/330 can 6 pk,22/07/2018,149668,48855,98
HERTOG JAN 250/300/330 can 6 pk,29/07/2018,411813,180122,99
HERTOG JAN 250/300/330 can 6 pk,05/08/2018,185359,60579,98
HERTOG JAN 250/300/330 can 6 pk,12/08/2018,134656,44109,98
HERTOG JAN 250/300/330 can 6 pk,19/08/2018,252247,109078,98
HERTOG JAN 250/300/330 can 6 pk,26/08/2018,125817,40866,98
HERTOG JAN 250/300/330 can 6 pk,02/09/2018,105694,34672,98
HERTOG JAN 250/300/330 can 6 pk,09/09/2018,247546,107631,99
HERTOG JAN 250/300/330 can 6 pk,16/09/2018,100625,33351,98
HERTOG JAN 250/300/330 can 6 pk,23/09/2018,93292,30779,98
HERTOG JAN 250/300/330 can 6 pk,30/09/2018,198238,86378,99
HERTOG JAN 250/300/330 can 6 pk,07/10/2018,86431,32425,98
HERTOG JAN 250/300/330 can 6 pk,14/10/2018,90036,33573,98
HERTOG JAN 250/300/330 can 6 pk,21/10/2018,79755,29726,96
HERTOG JAN 250/300/330 can 6 pk,28/10/2018,293452,145006,98
HERTOG JAN 250/300/330 can 6 pk,04/11/2018,82564,30823,97
HERTOG JAN 250/300/330 can 6 pk,11/11/2018,79007,29447,98
HERTOG JAN 250/300/330 can 6 pk,18/11/2018,231800,114460,99
HERTOG JAN 250/300/330 can 6 pk,25/11/2018,90353,32678,97
HERTOG JAN 250/300/330 can 6 pk,02/12/2018,94412,33983,98
HERTOG JAN 250/300/330 can 6 pk,09/12/2018,94677,34049,98
HERTOG JAN 250/300/330 can 6 pk,16/12/2018,85083,30554,98
HERTOG JAN 250/300/330 can 6 pk,23/12/2018,299511,142551,99
HERTOG JAN 250/300/330 can 6 pk,30/12/2018,154552,64002,99
HERTOG JAN 250/300/330 can 6 pk,06/01/2019,162069,71330,99
HERTOG JAN 250/300/330 can 6 pk,13/01/2019,98992,36302,98
HERTOG JAN 250/300/330 can 6 pk,20/01/2019,278768,152775,99
HERTOG JAN 250/300/330 can 6 pk,27/01/2019,85635,31027,98
HERTOG JAN 250/300/330 can 6 pk,03/02/2019,91393,31338,98
HERTOG JAN 250/300/330 can 6 pk,10/02/2019,92101,31431,98
HERTOG JAN 250/300/330 can 6 pk,17/02/2019,162013,64479,97
HERTOG JAN 250/300/330 can 6 pk,24/02/2019,121374,41851,97
HERTOG JAN 250/300/330 can 6 pk,03/03/2019,333248,172290,99
HERTOG JAN 250/300/330 can 6 pk,10/03/2019,99937,37852,98
HERTOG JAN 250/300/330 can 6 pk,17/03/2019,94186,32268,98
HERTOG JAN 250/300/330 can 6 pk,24/03/2019,303257,146310,98
HERTOG JAN 250/300/330 can 6 pk,31/03/2019,102329,35616,98
HERTOG JAN 250/300/330 can 6 pk,07/04/2019,119933,41661,98
HERTOG JAN 250/300/330 can 6 pk,14/04/2019,115015,39893,97
HERTOG JAN 250/300/330 can 6 pk,21/04/2019,412364,217838,99
HERTOG JAN 250/300/330 can 6 pk,28/04/2019,168849,65069,98
HERTOG JAN 250/300/330 can 6 pk,05/05/2019,117862,40867,98
HERTOG JAN 250/300/330 can 6 pk,12/05/2019,120597,41944,98
HERTOG JAN 250/300/330 can 6 pk,19/05/2019,637427,419882,98
HERTOG JAN 250/300/330 can 6 pk,26/05/2019,141784,50049,98
HERTOG JAN 250/300/330 can 6 pk,02/06/2019,156370,53177,98
HERTOG JAN 250/300/330 can 6 pk,09/06/2019,384967,192270,99
HERTOG JAN 250/300/330 can 6 pk,16/06/2019,144491,53961,98
HERTOG JAN 250/300/330 can 6 pk,23/06/2019,413955,177826,99
HERTOG JAN 250/300/330 can 6 pk,30/06/2019,199528,67107,99
HERTOG JAN 250/300/330 can 6 pk,07/07/2019,165373,56375,98
HERTOG JAN 250/300/330 can 6 pk,14/07/2019,138707,47522,98
HERTOG JAN 250/300/330 can 6 pk,21/07/2019,386945,175338,99
HERTOG JAN 250/300/330 can 6 pk,28/07/2019,216615,75679,99
HERTOG JAN 250/300/330 can 6 pk,04/08/2019,167987,60489,98
HERTOG JAN 250/300/330 can 6 pk,11/08/2019,147484,50734,98
HERTOG JAN 250/300/330 can 6 pk,18/08/2019,134165,46096,97
HERTOG JAN 250/300/330 can 6 pk,25/08/2019,691764,451568,99
HERTOG JAN 250/300/330 can 6 pk,01/09/2019,161002,55799,98
HERTOG JAN 250/300/330 can 6 pk,08/09/2019,113966,39198,98
HERTOG JAN 250/300/330 can 6 pk,15/09/2019,112835,38870,98
HERTOG JAN 250/300/330 can 6 pk,22/09/2019,362569,185081,98
HERTOG JAN 250/300/330 can 6 pk,29/09/2019,111434,38311,97
HERTOG JAN 250/300/330 can 6 pk,06/10/2019,91835,31552,97
HERTOG JAN 250/300/330 can 6 pk,13/10/2019,306417,139345,99
HERTOG JAN 250/300/330 can 6 pk,20/10/2019,113275,39042,98
HERTOG JAN 250/300/330 can 6 pk,27/10/2019,109667,37798,98
HERTOG JAN 250/300/330 can 6 pk,03/11/2019,236863,107208,99
HERTOG JAN 250/300/330 can 6 pk,10/11/2019,105753,36543,97
HERTOG JAN 250/300/330 can 6 pk,17/11/2019,98642,33842,97
HERTOG JAN 250/300/330 can 6 pk,24/11/2019,248749,112587,99
HERTOG JAN 250/300/330 can 6 pk,01/12/2019,99728,33555,98
HERTOG JAN 250/300/330 can 6 pk,08/12/2019,262460,116232,99
HERTOG JAN 250/300/330 can 6 pk,15/12/2019,125369,49934,98
HERTOG JAN 250/300/330 can 6 pk,22/12/2019,112920,37842,97
HERTOG JAN 250/300/330 can 6 pk,29/12/2019,131887,43463,97
HERTOG JAN 250/300/330 can 6 pk,05/01/2020,132113,43602,98
HERTOG JAN 250/300/330 can 6 pk,12/01/2020,77761,25653,96
HERTOG JAN 250/300/330 can 6 pk,19/01/2020,271350,118355,99
HERTOG JAN 250/300/330 can 6 pk,26/01/2020,90295,29789,97
HERTOG JAN 250/300/330 can 6 pk,02/02/2020,95932,31571,97
HERTOG JAN 250/300/330 can 6 pk,09/02/2020,248279,108162,99
HERTOG JAN 250/300/330 can 6 pk,16/02/2020,97069,32173,98
HERTOG JAN 250/300/330 can 6 pk,23/02/2020,603304,395270,99
All others 450/500 can 6 pk,05/03/2017,8489,3791,21
All others 450/500 can 6 pk,12/03/2017,7181,3171,21
All others 450/500 can 6 pk,19/03/2017,8036,3543,21
All others 450/500 can 6 pk,26/03/2017,8485,3873,21
All others 450/500 can 6 pk,02/04/2017,9408,4290,22
All others 450/500 can 6 pk,09/04/2017,10148,4628,22
All others 450/500 can 6 pk,16/04/2017,15004,8950,26
All others 450/500 can 6 pk,23/04/2017,9795,4660,22
All others 450/500 can 6 pk,30/04/2017,10757,4905,22
All others 450/500 can 6 pk,07/05/2017,9323,4253,21
All others 450/500 can 6 pk,14/05/2017,9807,4472,21
All others 450/500 can 6 pk,21/05/2017,10677,4873,22
All others 450/500 can 6 pk,28/05/2017,15860,7234,23
All others 450/500 can 6 pk,04/06/2017,12810,5650,22
All others 450/500 can 6 pk,11/06/2017,11426,5037,26
All others 450/500 can 6 pk,18/06/2017,78072,45353,97
All others 450/500 can 6 pk,25/06/2017,22692,11085,67
All others 450/500 can 6 pk,02/07/2017,16239,7820,52
All others 450/500 can 6 pk,09/07/2017,16352,7535,45
All others 450/500 can 6 pk,16/07/2017,12821,5869,39
All others 450/500 can 6 pk,23/07/2017,40531,23557,84
All others 450/500 can 6 pk,30/07/2017,15031,7020,53
All others 450/500 can 6 pk,06/08/2017,14795,6721,41
All others 450/500 can 6 pk,13/08/2017,11846,5351,33
All others 450/500 can 6 pk,20/08/2017,10903,4887,28
All others 450/500 can 6 pk,27/08/2017,12540,5607,26
All others 450/500 can 6 pk,03/09/2017,11368,5045,26
All others 450/500 can 6 pk,10/09/2017,10580,4675,24
All others 450/500 can 6 pk,17/09/2017,9706,4311,23
All others 450/500 can 6 pk,24/09/2017,9746,4319,24
All others 450/500 can 6 pk,01/10/2017,9143,4044,24
All others 450/500 can 6 pk,08/10/2017,9539,4221,22
All others 450/500 can 6 pk,15/10/2017,9875,4374,23
All others 450/500 can 6 pk,22/10/2017,9671,4266,23
All others 450/500 can 6 pk,29/10/2017,9581,4235,24
All others 450/500 can 6 pk,05/11/2017,9447,4167,22
All others 450/500 can 6 pk,12/11/2017,8845,3920,21
All others 450/500 can 6 pk,19/11/2017,8541,3767,23
All others 450/500 can 6 pk,26/11/2017,8971,3957,21
All others 450/500 can 6 pk,03/12/2017,8659,3854,21
All others 450/500 can 6 pk,10/12/2017,8804,3881,21
All others 450/500 can 6 pk,17/12/2017,8660,3828,20
All others 450/500 can 6 pk,24/12/2017,10444,4612,22
All others 450/500 can 6 pk,31/12/2017,10099,4459,22
All others 450/500 can 6 pk,07/01/2018,11258,6492,24
All others 450/500 can 6 pk,14/01/2018,8498,3751,22
All others 450/500 can 6 pk,21/01/2018,8306,3664,22
All others 450/500 can 6 pk,28/01/2018,9099,4015,22
All others 450/500 can 6 pk,04/02/2018,9941,4404,21
All others 450/500 can 6 pk,11/02/2018,20920,12099,27
All others 450/500 can 6 pk,18/02/2018,9112,4388,22
All others 450/500 can 6 pk,25/02/2018,8770,3868,22
All others 450/500 can 6 pk,04/03/2018,8399,3704,24
All others 450/500 can 6 pk,11/03/2018,8647,3812,22
All others 450/500 can 6 pk,18/03/2018,8614,3802,23
All others 450/500 can 6 pk,25/03/2018,9382,3894,23
All others 450/500 can 6 pk,01/04/2018,16689,9039,27
All others 450/500 can 6 pk,08/04/2018,11137,4842,26
All others 450/500 can 6 pk,15/04/2018,13618,6204,52
All others 450/500 can 6 pk,22/04/2018,15274,6912,52
All others 450/500 can 6 pk,29/04/2018,16647,7529,55
All others 450/500 can 6 pk,06/05/2018,15456,7197,51
All others 450/500 can 6 pk,13/05/2018,17699,8258,55
All others 450/500 can 6 pk,20/05/2018,15178,7065,55
All others 450/500 can 6 pk,27/05/2018,18032,8394,55
All others 450/500 can 6 pk,03/06/2018,18544,8674,55
All others 450/500 can 6 pk,10/06/2018,15918,7389,54
All others 450/500 can 6 pk,17/06/2018,16585,7783,54
All others 450/500 can 6 pk,24/06/2018,17148,7957,52
All others 450/500 can 6 pk,01/07/2018,32955,18892,61
All others 450/500 can 6 pk,08/07/2018,20653,9813,54
All others 450/500 can 6 pk,15/07/2018,20112,8976,54
All others 450/500 can 6 pk,22/07/2018,21450,9525,56
All others 450/500 can 6 pk,29/07/2018,23519,10446,56
All others 450/500 can 6 pk,05/08/2018,20960,9512,54
All others 450/500 can 6 pk,12/08/2018,18147,8057,57
All others 450/500 can 6 pk,19/08/2018,43185,25180,90
All others 450/500 can 6 pk,26/08/2018,18457,8361,63
All others 450/500 can 6 pk,02/09/2018,16580,7453,60
All others 450/500 can 6 pk,09/09/2018,14971,6703,56
All others 450/500 can 6 pk,16/09/2018,17766,7983,56
All others 450/500 can 6 pk,23/09/2018,15075,6737,53
All others 450/500 can 6 pk,30/09/2018,13761,6151,51
All others 450/500 can 6 pk,07/10/2018,15360,6896,49
All others 450/500 can 6 pk,14/10/2018,16656,7434,53
All others 450/500 can 6 pk,21/10/2018,13670,6080,53
All others 450/500 can 6 pk,28/10/2018,45609,26624,89
All others 450/500 can 6 pk,04/11/2018,15426,7073,61
All others 450/500 can 6 pk,11/11/2018,14579,6621,60
All others 450/500 can 6 pk,18/11/2018,12753,5755,54
All others 450/500 can 6 pk,25/11/2018,13910,6209,55
All others 450/500 can 6 pk,02/12/2018,14848,6661,57
All others 450/500 can 6 pk,09/12/2018,14433,6465,54
All others 450/500 can 6 pk,16/12/2018,13414,5985,50
All others 450/500 can 6 pk,23/12/2018,17141,7638,58
All others 450/500 can 6 pk,30/12/2018,15196,6769,57
All others 450/500 can 6 pk,06/01/2019,13765,6117,54
All others 450/500 can 6 pk,13/01/2019,13394,5990,53
All others 450/500 can 6 pk,20/01/2019,11605,4900,47
All others 450/500 can 6 pk,27/01/2019,12127,5114,51
All others 450/500 can 6 pk,03/02/2019,12641,5317,51
All others 450/500 can 6 pk,10/02/2019,13639,5737,52
All others 450/500 can 6 pk,17/02/2019,13141,5528,51
All others 450/500 can 6 pk,24/02/2019,15311,6431,53
All others 450/500 can 6 pk,03/03/2019,47427,29864,83
All others 450/500 can 6 pk,10/03/2019,23090,12351,59
All others 450/500 can 6 pk,17/03/2019,14119,6104,58
All others 450/500 can 6 pk,24/03/2019,14433,6178,54
All others 450/500 can 6 pk,31/03/2019,14514,6167,55
All others 450/500 can 6 pk,07/04/2019,16507,6967,56
All others 450/500 can 6 pk,14/04/2019,15637,6600,55
All others 450/500 can 6 pk,21/04/2019,55917,35162,93
All others 450/500 can 6 pk,28/04/2019,23080,10858,73
All others 450/500 can 6 pk,05/05/2019,16912,7223,58
All others 450/500 can 6 pk,12/05/2019,15967,6787,57
All others 450/500 can 6 pk,19/05/2019,15394,6529,56
All others 450/500 can 6 pk,26/05/2019,18317,7762,57
All others 450/500 can 6 pk,02/06/2019,20610,8680,59
All others 450/500 can 6 pk,09/06/2019,46905,29565,87
All others 450/500 can 6 pk,16/06/2019,19589,9243,66
All others 450/500 can 6 pk,23/06/2019,40583,21091,87
All others 450/500 can 6 pk,30/06/2019,23065,10336,72
All others 450/500 can 6 pk,07/07/2019,17469,7880,63
All others 450/500 can 6 pk,14/07/2019,9648,4335,51
All others 450/500 can 6 pk,21/07/2019,8479,4902,46
All others 450/500 can 6 pk,28/07/2019,1580,726,18
All others 450/500 can 6 pk,04/08/2019,9134,3765,46
All others 450/500 can 6 pk,11/08/2019,16482,6777,56
All others 450/500 can 6 pk,18/08/2019,15380,6304,51
All others 450/500 can 6 pk,25/08/2019,16803,6872,55
All others 450/500 can 6 pk,01/09/2019,17587,7173,55
All others 450/500 can 6 pk,08/09/2019,13098,5330,52
All others 450/500 can 6 pk,15/09/2019,13047,5359,53
All others 450/500 can 6 pk,22/09/2019,13094,5343,50
All others 450/500 can 6 pk,29/09/2019,13909,5694,49
All others 450/500 can 6 pk,06/10/2019,13214,5378,52
All others 450/500 can 6 pk,13/10/2019,44488,23726,85
All others 450/500 can 6 pk,20/10/2019,14070,5900,54
All others 450/500 can 6 pk,27/10/2019,13179,5446,55
All others 450/500 can 6 pk,03/11/2019,28944,15394,70
All others 450/500 can 6 pk,10/11/2019,12543,5238,51
All others 450/500 can 6 pk,17/11/2019,13157,5378,53
All others 450/500 can 6 pk,24/11/2019,11450,4681,46
All others 450/500 can 6 pk,01/12/2019,13712,6096,52
All others 450/500 can 6 pk,08/12/2019,11506,5122,51
All others 450/500 can 6 pk,15/12/2019,13555,5995,48
All others 450/500 can 6 pk,22/12/2019,14198,6270,54
All others 450/500 can 6 pk,29/12/2019,14267,6296,55
All others 450/500 can 6 pk,05/01/2020,14280,5824,52
All others 450/500 can 6 pk,12/01/2020,10267,4187,47
All others 450/500 can 6 pk,19/01/2020,11227,4578,47
All others 450/500 can 6 pk,26/01/2020,23434,12445,59
All others 450/500 can 6 pk,02/02/2020,12765,5636,51
All others 450/500 can 6 pk,09/02/2020,11228,4955,46
All others 450/500 can 6 pk,16/02/2020,12930,5705,52
All others 450/500 can 6 pk,23/02/2020,15347,6761,52
GROLSCH 450/500 can 6 pk,05/03/2017,37283,16956,84
GROLSCH 450/500 can 6 pk,12/03/2017,93608,59967,89
GROLSCH 450/500 can 6 pk,19/03/2017,42273,19881,85
GROLSCH 450/500 can 6 pk,26/03/2017,39640,18216,86
GROLSCH 450/500 can 6 pk,02/04/2017,48848,22440,87
GROLSCH 450/500 can 6 pk,09/04/2017,104710,58239,96
GROLSCH 450/500 can 6 pk,16/04/2017,48961,22503,91
GROLSCH 450/500 can 6 pk,23/04/2017,43149,19881,87
GROLSCH 450/500 can 6 pk,30/04/2017,55254,25737,89
GROLSCH 450/500 can 6 pk,07/05/2017,128451,76857,97
GROLSCH 450/500 can 6 pk,14/05/2017,44116,20574,91
GROLSCH 450/500 can 6 pk,21/05/2017,49624,22923,89
GROLSCH 450/500 can 6 pk,28/05/2017,181002,107781,98
GROLSCH 450/500 can 6 pk,04/06/2017,56141,27291,91
GROLSCH 450/500 can 6 pk,11/06/2017,56799,27726,89
GROLSCH 450/500 can 6 pk,18/06/2017,120951,72579,90
GROLSCH 450/500 can 6 pk,25/06/2017,52574,24531,88
GROLSCH 450/500 can 6 pk,02/07/2017,48499,22488,87
GROLSCH 450/500 can 6 pk,09/07/2017,147588,88671,97
GROLSCH 450/500 can 6 pk,16/07/2017,45529,21219,91
GROLSCH 450/500 can 6 pk,23/07/2017,147968,88500,98
GROLSCH 450/500 can 6 pk,30/07/2017,57566,28056,91
GROLSCH 450/500 can 6 pk,06/08/2017,61509,29754,88
GROLSCH 450/500 can 6 pk,13/08/2017,128711,82599,95
GROLSCH 450/500 can 6 pk,20/08/2017,48049,22357,89
GROLSCH 450/500 can 6 pk,27/08/2017,49355,22905,89
GROLSCH 450/500 can 6 pk,03/09/2017,50071,23034,87
GROLSCH 450/500 can 6 pk,10/09/2017,55337,26106,87
GROLSCH 450/500 can 6 pk,17/09/2017,38188,17373,84
GROLSCH 450/500 can 6 pk,24/09/2017,44859,20670,86
GROLSCH 450/500 can 6 pk,01/10/2017,126770,75933,94
GROLSCH 450/500 can 6 pk,08/10/2017,40637,18750,87
GROLSCH 450/500 can 6 pk,15/10/2017,97110,58146,90
GROLSCH 450/500 can 6 pk,22/10/2017,40930,19176,86
GROLSCH 450/500 can 6 pk,29/10/2017,44836,20451,86
GROLSCH 450/500 can 6 pk,05/11/2017,129175,77639,94
GROLSCH 450/500 can 6 pk,12/11/2017,38313,17757,86
GROLSCH 450/500 can 6 pk,19/11/2017,40730,18576,85
GROLSCH 450/500 can 6 pk,26/11/2017,114441,68874,94
GROLSCH 450/500 can 6 pk,03/12/2017,39318,18489,88
GROLSCH 450/500 can 6 pk,10/12/2017,43052,19863,86
GROLSCH 450/500 can 6 pk,17/12/2017,37788,17385,85
GROLSCH 450/500 can 6 pk,24/12/2017,108283,65205,93
GROLSCH 450/500 can 6 pk,31/12/2017,46996,23058,88
GROLSCH 450/500 can 6 pk,07/01/2018,87399,52581,95
GROLSCH 450/500 can 6 pk,14/01/2018,36732,17556,87
GROLSCH 450/500 can 6 pk,21/01/2018,38512,18144,86
GROLSCH 450/500 can 6 pk,28/01/2018,116828,70347,96
GROLSCH 450/500 can 6 pk,04/02/2018,47073,22155,87
GROLSCH 450/500 can 6 pk,11/02/2018,46181,21996,85
GROLSCH 450/500 can 6 pk,18/02/2018,43828,20106,85
GROLSCH 450/500 can 6 pk,25/02/2018,103377,62175,89
GROLSCH 450/500 can 6 pk,04/03/2018,36647,16650,85
GROLSCH 450/500 can 6 pk,11/03/2018,40433,19158,87
GROLSCH 450/500 can 6 pk,18/03/2018,128688,96168,96
GROLSCH 450/500 can 6 pk,25/03/2018,40620,18636,88
GROLSCH 450/500 can 6 pk,01/04/2018,50550,23943,89
GROLSCH 450/500 can 6 pk,08/04/2018,43879,20130,88
GROLSCH 450/500 can 6 pk,15/04/2018,150506,90570,98
GROLSCH 450/500 can 6 pk,22/04/2018,57190,31764,96
GROLSCH 450/500 can 6 pk,29/04/2018,54357,25080,96
GROLSCH 450/500 can 6 pk,06/05/2018,137061,82119,98
GROLSCH 450/500 can 6 pk,13/05/2018,179385,148614,98
GROLSCH 450/500 can 6 pk,20/05/2018,50393,24615,94
GROLSCH 450/500 can 6 pk,27/05/2018,132258,74078,98
GROLSCH 450/500 can 6 pk,03/06/2018,61838,30047,95
GROLSCH 450/500 can 6 pk,10/06/2018,52110,24099,93
GROLSCH 450/500 can 6 pk,17/06/2018,49901,23305,94
GROLSCH 450/500 can 6 pk,24/06/2018,102889,58110,97
GROLSCH 450/500 can 6 pk,01/07/2018,63005,29580,96
GROLSCH 450/500 can 6 pk,08/07/2018,58572,26757,95
GROLSCH 450/500 can 6 pk,15/07/2018,171518,103125,98
GROLSCH 450/500 can 6 pk,22/07/2018,61269,31050,97
GROLSCH 450/500 can 6 pk,29/07/2018,72000,35577,96
GROLSCH 450/500 can 6 pk,05/08/2018,155668,93474,98
GROLSCH 450/500 can 6 pk,12/08/2018,51337,24537,95
GROLSCH 450/500 can 6 pk,19/08/2018,46326,21837,93
GROLSCH 450/500 can 6 pk,26/08/2018,149033,111163,98
GROLSCH 450/500 can 6 pk,02/09/2018,44403,20811,95
GROLSCH 450/500 can 6 pk,09/09/2018,45372,20862,93
GROLSCH 450/500 can 6 pk,16/09/2018,53505,24432,94
GROLSCH 450/500 can 6 pk,23/09/2018,43191,19617,91
GROLSCH 450/500 can 6 pk,30/09/2018,42341,19275,93
GROLSCH 450/500 can 6 pk,07/10/2018,124340,74433,98
GROLSCH 450/500 can 6 pk,14/10/2018,46111,21018,93
GROLSCH 450/500 can 6 pk,21/10/2018,87978,52599,97
GROLSCH 450/500 can 6 pk,28/10/2018,46021,20979,94
GROLSCH 450/500 can 6 pk,04/11/2018,114879,68892,98
GROLSCH 450/500 can 6 pk,11/11/2018,42460,20439,93
GROLSCH 450/500 can 6 pk,18/11/2018,40929,18621,92
GROLSCH 450/500 can 6 pk,25/11/2018,125033,75078,98
GROLSCH 450/500 can 6 pk,02/12/2018,49048,22452,95
GROLSCH 450/500 can 6 pk,09/12/2018,41180,18705,94
GROLSCH 450/500 can 6 pk,16/12/2018,111195,66822,98
GROLSCH 450/500 can 6 pk,23/12/2018,42448,24855,94
GROLSCH 450/500 can 6 pk,30/12/2018,41782,21258,94
GROLSCH 450/500 can 6 pk,06/01/2019,45680,21088,94
GROLSCH 450/500 can 6 pk,13/01/2019,45136,21720,94
GROLSCH 450/500 can 6 pk,20/01/2019,39883,17160,93
GROLSCH 450/500 can 6 pk,27/01/2019,41787,19323,92
GROLSCH 450/500 can 6 pk,03/02/2019,151332,97842,99
GROLSCH 450/500 can 6 pk,10/02/2019,48047,21069,95
GROLSCH 450/500 can 6 pk,17/02/2019,43129,19464,95
GROLSCH 450/500 can 6 pk,24/02/2019,49568,22575,95
GROLSCH 450/500 can 6 pk,03/03/2019,45858,21285,93
GROLSCH 450/500 can 6 pk,10/03/2019,38895,17368,92
GROLSCH 450/500 can 6 pk,17/03/2019,131899,77643,98
GROLSCH 450/500 can 6 pk,24/03/2019,46592,20988,95
GROLSCH 450/500 can 6 pk,31/03/2019,41497,18657,93
GROLSCH 450/500 can 6 pk,07/04/2019,53588,24192,94
GROLSCH 450/500 can 6 pk,14/04/2019,50928,22875,95
GROLSCH 450/500 can 6 pk,21/04/2019,56687,26193,95
GROLSCH 450/500 can 6 pk,28/04/2019,56775,25953,95
GROLSCH 450/500 can 6 pk,05/05/2019,47492,21312,95
GROLSCH 450/500 can 6 pk,12/05/2019,166847,136422,98
GROLSCH 450/500 can 6 pk,19/05/2019,51499,23607,95
GROLSCH 450/500 can 6 pk,26/05/2019,57634,25854,95
GROLSCH 450/500 can 6 pk,02/06/2019,56743,25323,95
GROLSCH 450/500 can 6 pk,09/06/2019,101867,59181,98
GROLSCH 450/500 can 6 pk,16/06/2019,54308,25866,96
GROLSCH 450/500 can 6 pk,23/06/2019,61990,28419,97
GROLSCH 450/500 can 6 pk,30/06/2019,58406,26610,96
GROLSCH 450/500 can 6 pk,07/07/2019,153191,115116,99
GROLSCH 450/500 can 6 pk,14/07/2019,51613,23532,95
GROLSCH 450/500 can 6 pk,21/07/2019,51691,23775,95
GROLSCH 450/500 can 6 pk,28/07/2019,67594,32112,95
GROLSCH 450/500 can 6 pk,04/08/2019,168274,131385,98
GROLSCH 450/500 can 6 pk,11/08/2019,59167,27585,95
GROLSCH 450/500 can 6 pk,18/08/2019,43725,19773,94
GROLSCH 450/500 can 6 pk,25/08/2019,51026,22965,94
GROLSCH 450/500 can 6 pk,01/09/2019,49162,22023,95
GROLSCH 450/500 can 6 pk,08/09/2019,45421,20681,92
GROLSCH 450/500 can 6 pk,15/09/2019,42322,19368,93
GROLSCH 450/500 can 6 pk,22/09/2019,40925,18237,92
GROLSCH 450/500 can 6 pk,29/09/2019,124501,80088,98
GROLSCH 450/500 can 6 pk,06/10/2019,38183,17274,92
GROLSCH 450/500 can 6 pk,13/10/2019,39452,17754,92
GROLSCH 450/500 can 6 pk,20/10/2019,110121,64212,98
GROLSCH 450/500 can 6 pk,27/10/2019,41659,18717,94
GROLSCH 450/500 can 6 pk,03/11/2019,38259,17141,92
GROLSCH 450/500 can 6 pk,10/11/2019,95994,56145,98
GROLSCH 450/500 can 6 pk,17/11/2019,38011,17052,92
GROLSCH 450/500 can 6 pk,24/11/2019,80607,47121,97
GROLSCH 450/500 can 6 pk,01/12/2019,38399,17511,93
GROLSCH 450/500 can 6 pk,08/12/2019,38732,17418,92
GROLSCH 450/500 can 6 pk,15/12/2019,158520,131748,98
GROLSCH 450/500 can 6 pk,22/12/2019,36531,16764,93
GROLSCH 450/500 can 6 pk,29/12/2019,39037,17832,93
GROLSCH 450/500 can 6 pk,05/01/2020,38706,17661,92
GROLSCH 450/500 can 6 pk,12/01/2020,30584,14439,90
GROLSCH 450/500 can 6 pk,19/01/2020,37246,16464,91
GROLSCH 450/500 can 6 pk,26/01/2020,101835,57162,98
GROLSCH 450/500 can 6 pk,02/02/2020,36093,15504,91
GROLSCH 450/500 can 6 pk,09/02/2020,85082,47661,98
GROLSCH 450/500 can 6 pk,16/02/2020,37664,18300,93
GROLSCH 450/500 can 6 pk,23/02/2020,44382,20577,92
HEINEKEN 450/500 can 6 pk,05/03/2017,233365,137173,98
HEINEKEN 450/500 can 6 pk,12/03/2017,100494,45027,95
HEINEKEN 450/500 can 6 pk,19/03/2017,171010,110671,98
HEINEKEN 450/500 can 6 pk,26/03/2017,227738,133609,99
HEINEKEN 450/500 can 6 pk,02/04/2017,129084,59424,96
HEINEKEN 450/500 can 6 pk,09/04/2017,119076,52932,94
HEINEKEN 450/500 can 6 pk,16/04/2017,117620,52035,93
HEINEKEN 450/500 can 6 pk,23/04/2017,96475,43122,94
HEINEKEN 450/500 can 6 pk,30/04/2017,120481,53859,93
HEINEKEN 450/500 can 6 pk,07/05/2017,111353,48228,94
HEINEKEN 450/500 can 6 pk,14/05/2017,320227,188971,98
HEINEKEN 450/500 can 6 pk,21/05/2017,123949,55494,95
HEINEKEN 450/500 can 6 pk,28/05/2017,162442,71658,94
HEINEKEN 450/500 can 6 pk,04/06/2017,325512,191446,99
HEINEKEN 450/500 can 6 pk,11/06/2017,138517,66258,96
HEINEKEN 450/500 can 6 pk,18/06/2017,124505,55212,95
HEINEKEN 450/500 can 6 pk,25/06/2017,312842,183397,99
HEINEKEN 450/500 can 6 pk,02/07/2017,119061,53037,95
HEINEKEN 450/500 can 6 pk,09/07/2017,130281,57633,95
HEINEKEN 450/500 can 6 pk,16/07/2017,267147,146997,99
HEINEKEN 450/500 can 6 pk,23/07/2017,127677,56799,95
HEINEKEN 450/500 can 6 pk,30/07/2017,122336,54783,95
HEINEKEN 450/500 can 6 pk,06/08/2017,127536,57216,95
HEINEKEN 450/500 can 6 pk,13/08/2017,112780,50637,95
HEINEKEN 450/500 can 6 pk,20/08/2017,107045,48256,96
HEINEKEN 450/500 can 6 pk,27/08/2017,288115,171028,99
HEINEKEN 450/500 can 6 pk,03/09/2017,123831,55848,96
HEINEKEN 450/500 can 6 pk,10/09/2017,112476,50568,95
HEINEKEN 450/500 can 6 pk,17/09/2017,255240,151660,99
HEINEKEN 450/500 can 6 pk,24/09/2017,118219,53046,96
HEINEKEN 450/500 can 6 pk,01/10/2017,107781,48501,95
HEINEKEN 450/500 can 6 pk,08/10/2017,192181,113586,96
HEINEKEN 450/500 can 6 pk,15/10/2017,106100,47949,93
HEINEKEN 450/500 can 6 pk,22/10/2017,222559,131108,97
HEINEKEN 450/500 can 6 pk,29/10/2017,111912,48555,95
HEINEKEN 450/500 can 6 pk,05/11/2017,101965,43988,94
HEINEKEN 450/500 can 6 pk,12/11/2017,195361,111531,96
HEINEKEN 450/500 can 6 pk,19/11/2017,95922,41505,93
HEINEKEN 450/500 can 6 pk,26/11/2017,100260,43416,93
HEINEKEN 450/500 can 6 pk,03/12/2017,256618,147481,98
HEINEKEN 450/500 can 6 pk,10/12/2017,104297,45432,95
HEINEKEN 450/500 can 6 pk,17/12/2017,178876,102279,98
HEINEKEN 450/500 can 6 pk,24/12/2017,109744,47808,96
HEINEKEN 450/500 can 6 pk,31/12/2017,216278,121773,99
HEINEKEN 450/500 can 6 pk,07/01/2018,76863,34248,94
HEINEKEN 450/500 can 6 pk,14/01/2018,201366,115351,99
HEINEKEN 450/500 can 6 pk,21/01/2018,95075,42024,96
HEINEKEN 450/500 can 6 pk,28/01/2018,100506,43515,93
HEINEKEN 450/500 can 6 pk,04/02/2018,105781,46836,94
HEINEKEN 450/500 can 6 pk,11/02/2018,107308,45879,94
HEINEKEN 450/500 can 6 pk,18/02/2018,103991,43965,93
HEINEKEN 450/500 can 6 pk,25/02/2018,102193,43272,94
HEINEKEN 450/500 can 6 pk,04/03/2018,282486,158856,98
HEINEKEN 450/500 can 6 pk,11/03/2018,103493,45072,96
HEINEKEN 450/500 can 6 pk,18/03/2018,96332,41466,93
HEINEKEN 450/500 can 6 pk,25/03/2018,260599,148362,98
HEINEKEN 450/500 can 6 pk,01/04/2018,115738,49734,96
HEINEKEN 450/500 can 6 pk,08/04/2018,194234,102106,98
HEINEKEN 450/500 can 6 pk,15/04/2018,104050,44244,97
HEINEKEN 450/500 can 6 pk,22/04/2018,125857,52821,97
HEINEKEN 450/500 can 6 pk,29/04/2018,120378,51696,97
HEINEKEN 450/500 can 6 pk,06/05/2018,111790,47043,96
HEINEKEN 450/500 can 6 pk,13/05/2018,127963,54063,97
HEINEKEN 450/500 can 6 pk,20/05/2018,224287,117345,99
HEINEKEN 450/500 can 6 pk,27/05/2018,143148,62799,98
HEINEKEN 450/500 can 6 pk,03/06/2018,138076,58881,97
HEINEKEN 450/500 can 6 pk,10/06/2018,122899,52245,97
HEINEKEN 450/500 can 6 pk,17/06/2018,206297,115120,98
HEINEKEN 450/500 can 6 pk,24/06/2018,115951,49302,96
HEINEKEN 450/500 can 6 pk,01/07/2018,140870,59391,98
HEINEKEN 450/500 can 6 pk,08/07/2018,365049,235786,98
HEINEKEN 450/500 can 6 pk,15/07/2018,143751,61443,97
HEINEKEN 450/500 can 6 pk,22/07/2018,269095,140992,99
HEINEKEN 450/500 can 6 pk,29/07/2018,98016,41148,97
HEINEKEN 450/500 can 6 pk,05/08/2018,102255,42099,95
HEINEKEN 450/500 can 6 pk,12/08/2018,289583,159536,99
HEINEKEN 450/500 can 6 pk,19/08/2018,101211,40806,95
HEINEKEN 450/500 can 6 pk,26/08/2018,97160,39212,94
HEINEKEN 450/500 can 6 pk,02/09/2018,360452,224953,98
HEINEKEN 450/500 can 6 pk,09/09/2018,97243,39927,94
HEINEKEN 450/500 can 6 pk,16/09/2018,92938,38133,93
HEINEKEN 450/500 can 6 pk,23/09/2018,199378,100497,98
HEINEKEN 450/500 can 6 pk,30/09/2018,92784,39135,96
HEINEKEN 450/500 can 6 pk,07/10/2018,98533,41508,96
HEINEKEN 450/500 can 6 pk,14/10/2018,216630,113361,98
HEINEKEN 450/500 can 6 pk,21/10/2018,88643,53487,95
HEINEKEN 450/500 can 6 pk,28/10/2018,104819,44787,95
HEINEKEN 450/500 can 6 pk,04/11/2018,93006,39081,95
HEINEKEN 450/500 can 6 pk,11/11/2018,224885,125664,98
HEINEKEN 450/500 can 6 pk,18/11/2018,96332,40758,95
HEINEKEN 450/500 can 6 pk,25/11/2018,95876,40320,93
HEINEKEN 450/500 can 6 pk,02/12/2018,99473,42075,96
HEINEKEN 450/500 can 6 pk,09/12/2018,248493,139500,99
HEINEKEN 450/500 can 6 pk,16/12/2018,85652,38013,95
HEINEKEN 450/500 can 6 pk,23/12/2018,105533,46683,97
HEINEKEN 450/500 can 6 pk,30/12/2018,181791,99747,99
HEINEKEN 450/500 can 6 pk,06/01/2019,133647,68284,98
HEINEKEN 450/500 can 6 pk,13/01/2019,89944,39606,96
HEINEKEN 450/500 can 6 pk,20/01/2019,87764,36015,94
HEINEKEN 450/500 can 6 pk,27/01/2019,289353,181005,99
HEINEKEN 450/500 can 6 pk,03/02/2019,90950,37044,97
HEINEKEN 450/500 can 6 pk,10/02/2019,93600,37851,96
HEINEKEN 450/500 can 6 pk,17/02/2019,230685,132120,99
HEINEKEN 450/500 can 6 pk,24/02/2019,95997,39171,97
HEINEKEN 450/500 can 6 pk,03/03/2019,98434,39396,97
HEINEKEN 450/500 can 6 pk,10/03/2019,234319,134142,99
HEINEKEN 450/500 can 6 pk,17/03/2019,90556,36969,96
HEINEKEN 450/500 can 6 pk,24/03/2019,98294,39951,96
HEINEKEN 450/500 can 6 pk,31/03/2019,249346,149031,99
HEINEKEN 450/500 can 6 pk,07/04/2019,114377,48159,98
HEINEKEN 450/500 can 6 pk,14/04/2019,116113,48792,97
HEINEKEN 450/500 can 6 pk,21/04/2019,130406,54426,97
HEINEKEN 450/500 can 6 pk,28/04/2019,477469,376180,99
HEINEKEN 450/500 can 6 pk,05/05/2019,109880,48678,98
HEINEKEN 450/500 can 6 pk,12/05/2019,112579,47388,97
HEINEKEN 450/500 can 6 pk,19/05/2019,113278,46617,97
HEINEKEN 450/500 can 6 pk,26/05/2019,118569,49959,97
HEINEKEN 450/500 can 6 pk,02/06/2019,344481,192363,99
HEINEKEN 450/500 can 6 pk,09/06/2019,103360,43077,97
HEINEKEN 450/500 can 6 pk,16/06/2019,313728,194139,99
HEINEKEN 450/500 can 6 pk,23/06/2019,124904,52494,98
HEINEKEN 450/500 can 6 pk,30/06/2019,279795,155337,99
HEINEKEN 450/500 can 6 pk,07/07/2019,125628,53073,97
HEINEKEN 450/500 can 6 pk,14/07/2019,413927,271837,99
HEINEKEN 450/500 can 6 pk,21/07/2019,125256,53091,97
HEINEKEN 450/500 can 6 pk,28/07/2019,561066,440109,99
HEINEKEN 450/500 can 6 pk,04/08/2019,138299,58200,97
HEINEKEN 450/500 can 6 pk,11/08/2019,117829,49581,96
HEINEKEN 450/500 can 6 pk,18/08/2019,304600,189813,99
HEINEKEN 450/500 can 6 pk,25/08/2019,123807,52203,98
HEINEKEN 450/500 can 6 pk,01/09/2019,549337,443998,99
HEINEKEN 450/500 can 6 pk,08/09/2019,114060,49304,97
HEINEKEN 450/500 can 6 pk,15/09/2019,192428,118995,97
HEINEKEN 450/500 can 6 pk,22/09/2019,100684,42342,95
HEINEKEN 450/500 can 6 pk,29/09/2019,104556,43959,95
HEINEKEN 450/500 can 6 pk,06/10/2019,229097,126948,99
HEINEKEN 450/500 can 6 pk,13/10/2019,103265,43737,97
HEINEKEN 450/500 can 6 pk,20/10/2019,104311,43359,96
HEINEKEN 450/500 can 6 pk,27/10/2019,576565,469330,99
HEINEKEN 450/500 can 6 pk,03/11/2019,107452,49319,96
HEINEKEN 450/500 can 6 pk,10/11/2019,95406,40485,95
HEINEKEN 450/500 can 6 pk,17/11/2019,184409,102351,97
HEINEKEN 450/500 can 6 pk,24/11/2019,94904,39963,96
HEINEKEN 450/500 can 6 pk,01/12/2019,227373,126693,99
HEINEKEN 450/500 can 6 pk,08/12/2019,98342,41781,96
HEINEKEN 450/500 can 6 pk,15/12/2019,100972,42618,96
HEINEKEN 450/500 can 6 pk,22/12/2019,179315,99915,99
HEINEKEN 450/500 can 6 pk,29/12/2019,279871,199746,99
HEINEKEN 450/500 can 6 pk,05/01/2020,479974,386016,99
HEINEKEN 450/500 can 6 pk,12/01/2020,168885,93717,99
HEINEKEN 450/500 can 6 pk,19/01/2020,97491,41490,97
HEINEKEN 450/500 can 6 pk,26/01/2020,94034,39726,95
HEINEKEN 450/500 can 6 pk,02/02/2020,225188,125475,99
HEINEKEN 450/500 can 6 pk,09/02/2020,95677,40428,95
HEINEKEN 450/500 can 6 pk,16/02/2020,188303,109368,99
HEINEKEN 450/500 can 6 pk,23/02/2020,113485,47370,97
HERTOG JAN 450/500 can 6 pk,05/03/2017,17619,8247,52
HERTOG JAN 450/500 can 6 pk,12/03/2017,38515,25215,54
HERTOG JAN 450/500 can 6 pk,19/03/2017,18954,8919,51
HERTOG JAN 450/500 can 6 pk,26/03/2017,19017,8859,49
HERTOG JAN 450/500 can 6 pk,02/04/2017,21647,10077,50
HERTOG JAN 450/500 can 6 pk,09/04/2017,21822,10167,53
HERTOG JAN 450/500 can 6 pk,16/04/2017,83728,51579,96
HERTOG JAN 450/500 can 6 pk,23/04/2017,24609,12414,70
HERTOG JAN 450/500 can 6 pk,30/04/2017,26067,12198,59
HERTOG JAN 450/500 can 6 pk,07/05/2017,20382,9549,54
HERTOG JAN 450/500 can 6 pk,14/05/2017,20655,9642,53
HERTOG JAN 450/500 can 6 pk,21/05/2017,55755,34185,53
HERTOG JAN 450/500 can 6 pk,28/05/2017,30859,14469,52
HERTOG JAN 450/500 can 6 pk,04/06/2017,26057,12129,52
HERTOG JAN 450/500 can 6 pk,11/06/2017,53888,32652,54
HERTOG JAN 450/500 can 6 pk,18/06/2017,23397,11001,54
HERTOG JAN 450/500 can 6 pk,25/06/2017,24145,11235,56
HERTOG JAN 450/500 can 6 pk,02/07/2017,118800,72927,96
HERTOG JAN 450/500 can 6 pk,09/07/2017,27081,12837,66
HERTOG JAN 450/500 can 6 pk,16/07/2017,22439,10521,59
HERTOG JAN 450/500 can 6 pk,23/07/2017,24295,11259,55
HERTOG JAN 450/500 can 6 pk,30/07/2017,26265,12180,54
HERTOG JAN 450/500 can 6 pk,06/08/2017,29132,13482,52
HERTOG JAN 450/500 can 6 pk,13/08/2017,24071,11145,54
HERTOG JAN 450/500 can 6 pk,20/08/2017,51176,31194,56
HERTOG JAN 450/500 can 6 pk,27/08/2017,25141,11664,57
HERTOG JAN 450/500 can 6 pk,03/09/2017,88737,54138,90
HERTOG JAN 450/500 can 6 pk,10/09/2017,24844,11658,62
HERTOG JAN 450/500 can 6 pk,17/09/2017,20125,9357,56
HERTOG JAN 450/500 can 6 pk,24/09/2017,55943,34131,56
HERTOG JAN 450/500 can 6 pk,01/10/2017,19149,8943,53
HERTOG JAN 450/500 can 6 pk,08/10/2017,18739,8670,53
HERTOG JAN 450/500 can 6 pk,15/10/2017,20767,9612,53
HERTOG JAN 450/500 can 6 pk,22/10/2017,23551,10908,63
HERTOG JAN 450/500 can 6 pk,29/10/2017,66772,40668,66
HERTOG JAN 450/500 can 6 pk,05/11/2017,22797,10533,63
HERTOG JAN 450/500 can 6 pk,12/11/2017,21801,10089,64
HERTOG JAN 450/500 can 6 pk,19/11/2017,23954,11073,62
HERTOG JAN 450/500 can 6 pk,26/11/2017,22134,10224,63
HERTOG JAN 450/500 can 6 pk,03/12/2017,23220,10743,61
HERTOG JAN 450/500 can 6 pk,10/12/2017,61239,37341,65
HERTOG JAN 450/500 can 6 pk,17/12/2017,22168,10257,64
HERTOG JAN 450/500 can 6 pk,24/12/2017,88817,54228,84
HERTOG JAN 450/500 can 6 pk,31/12/2017,30046,14913,74
HERTOG JAN 450/500 can 6 pk,07/01/2018,16682,7737,60
HERTOG JAN 450/500 can 6 pk,14/01/2018,21157,9810,62
HERTOG JAN 450/500 can 6 pk,21/01/2018,82748,50517,93
HERTOG JAN 450/500 can 6 pk,28/01/2018,22329,10440,68
HERTOG JAN 450/500 can 6 pk,04/02/2018,28032,12975,62
HERTOG JAN 450/500 can 6 pk,11/02/2018,69589,42399,67
HERTOG JAN 450/500 can 6 pk,18/02/2018,28895,14412,63
HERTOG JAN 450/500 can 6 pk,25/02/2018,22933,10596,62
HERTOG JAN 450/500 can 6 pk,04/03/2018,23904,11052,62
HERTOG JAN 450/500 can 6 pk,11/03/2018,64031,39012,66
HERTOG JAN 450/500 can 6 pk,18/03/2018,24289,11304,62
HERTOG JAN 450/500 can 6 pk,25/03/2018,25192,10818,62
HERTOG JAN 450/500 can 6 pk,01/04/2018,70533,39954,68
HERTOG JAN 450/500 can 6 pk,08/04/2018,30063,13797,67
HERTOG JAN 450/500 can 6 pk,15/04/2018,36747,15795,92
HERTOG JAN 450/500 can 6 pk,22/04/2018,117851,66642,97
HERTOG JAN 450/500 can 6 pk,29/04/2018,48454,22404,95
HERTOG JAN 450/500 can 6 pk,06/05/2018,43045,19896,95
HERTOG JAN 450/500 can 6 pk,13/05/2018,116985,71265,98
HERTOG JAN 450/500 can 6 pk,20/05/2018,45384,20997,95
HERTOG JAN 450/500 can 6 pk,27/05/2018,53957,24935,94
HERTOG JAN 450/500 can 6 pk,03/06/2018,56325,26039,95
HERTOG JAN 450/500 can 6 pk,10/06/2018,90264,54792,97
HERTOG JAN 450/500 can 6 pk,17/06/2018,50771,23565,95
HERTOG JAN 450/500 can 6 pk,24/06/2018,50640,23412,94
HERTOG JAN 450/500 can 6 pk,01/07/2018,155323,88968,98
HERTOG JAN 450/500 can 6 pk,08/07/2018,58855,27279,95
HERTOG JAN 450/500 can 6 pk,15/07/2018,56841,26277,94
HERTOG JAN 450/500 can 6 pk,22/07/2018,58842,27201,96
HERTOG JAN 450/500 can 6 pk,29/07/2018,196219,119715,97
HERTOG JAN 450/500 can 6 pk,05/08/2018,58476,27183,95
HERTOG JAN 450/500 can 6 pk,12/08/2018,53925,24927,95
HERTOG JAN 450/500 can 6 pk,19/08/2018,150267,91563,98
HERTOG JAN 450/500 can 6 pk,26/08/2018,49703,23004,95
HERTOG JAN 450/500 can 6 pk,02/09/2018,45976,21252,94
HERTOG JAN 450/500 can 6 pk,09/09/2018,141782,86442,98
HERTOG JAN 450/500 can 6 pk,16/09/2018,50550,23457,93
HERTOG JAN 450/500 can 6 pk,23/09/2018,43806,20253,92
HERTOG JAN 450/500 can 6 pk,30/09/2018,129114,78585,98
HERTOG JAN 450/500 can 6 pk,07/10/2018,43452,20196,93
HERTOG JAN 450/500 can 6 pk,14/10/2018,47170,21807,93
HERTOG JAN 450/500 can 6 pk,21/10/2018,43201,19959,93
HERTOG JAN 450/500 can 6 pk,28/10/2018,71038,42927,95
HERTOG JAN 450/500 can 6 pk,04/11/2018,41805,19773,94
HERTOG JAN 450/500 can 6 pk,11/11/2018,44525,21024,95
HERTOG JAN 450/500 can 6 pk,18/11/2018,112055,69678,97
HERTOG JAN 450/500 can 6 pk,25/11/2018,44495,21069,94
HERTOG JAN 450/500 can 6 pk,02/12/2018,51204,24192,95
HERTOG JAN 450/500 can 6 pk,09/12/2018,48533,22932,96
HERTOG JAN 450/500 can 6 pk,16/12/2018,44170,20868,94
HERTOG JAN 450/500 can 6 pk,23/12/2018,123641,76767,98
HERTOG JAN 450/500 can 6 pk,30/12/2018,64561,35043,97
HERTOG JAN 450/500 can 6 pk,06/01/2019,54254,25683,95
HERTOG JAN 450/500 can 6 pk,13/01/2019,50103,23673,96
HERTOG JAN 450/500 can 6 pk,20/01/2019,123225,88020,97
HERTOG JAN 450/500 can 6 pk,27/01/2019,44610,21120,94
HERTOG JAN 450/500 can 6 pk,03/02/2019,48139,22269,95
HERTOG JAN 450/500 can 6 pk,10/02/2019,56554,26145,95
HERTOG JAN 450/500 can 6 pk,17/02/2019,54865,25395,95
HERTOG JAN 450/500 can 6 pk,24/02/2019,62242,28776,96
HERTOG JAN 450/500 can 6 pk,03/03/2019,148111,103314,97
HERTOG JAN 450/500 can 6 pk,10/03/2019,53551,27183,96
HERTOG JAN 450/500 can 6 pk,17/03/2019,48429,22410,96
HERTOG JAN 450/500 can 6 pk,24/03/2019,165496,107766,97
HERTOG JAN 450/500 can 6 pk,31/03/2019,52983,23853,94
HERTOG JAN 450/500 can 6 pk,07/04/2019,62371,27975,94
HERTOG JAN 450/500 can 6 pk,14/04/2019,59208,26556,95
HERTOG JAN 450/500 can 6 pk,21/04/2019,163501,110868,98
HERTOG JAN 450/500 can 6 pk,28/04/2019,77740,38358,97
HERTOG JAN 450/500 can 6 pk,05/05/2019,59851,26847,95
HERTOG JAN 450/500 can 6 pk,12/05/2019,59266,26193,95
HERTOG JAN 450/500 can 6 pk,19/05/2019,62720,27723,95
HERTOG JAN 450/500 can 6 pk,26/05/2019,75694,33435,96
HERTOG JAN 450/500 can 6 pk,02/06/2019,78770,34800,96
HERTOG JAN 450/500 can 6 pk,09/06/2019,161318,107673,98
HERTOG JAN 450/500 can 6 pk,16/06/2019,66473,32691,97
HERTOG JAN 450/500 can 6 pk,23/06/2019,145474,79566,97
HERTOG JAN 450/500 can 6 pk,30/06/2019,70328,31551,96
HERTOG JAN 450/500 can 6 pk,07/07/2019,72150,32358,95
HERTOG JAN 450/500 can 6 pk,14/07/2019,71405,32025,96
HERTOG JAN 450/500 can 6 pk,21/07/2019,194553,114726,97
HERTOG JAN 450/500 can 6 pk,28/07/2019,71948,32400,97
HERTOG JAN 450/500 can 6 pk,04/08/2019,72725,32604,95
HERTOG JAN 450/500 can 6 pk,11/08/2019,70596,31659,96
HERTOG JAN 450/500 can 6 pk,18/08/2019,64485,28917,96
HERTOG JAN 450/500 can 6 pk,25/08/2019,67756,30402,96
HERTOG JAN 450/500 can 6 pk,01/09/2019,71717,32172,95
HERTOG JAN 450/500 can 6 pk,08/09/2019,60476,27106,95
HERTOG JAN 450/500 can 6 pk,15/09/2019,55322,24834,95
HERTOG JAN 450/500 can 6 pk,22/09/2019,170315,112674,97
HERTOG JAN 450/500 can 6 pk,29/09/2019,60800,27285,94
HERTOG JAN 450/500 can 6 pk,06/10/2019,53291,23904,94
HERTOG JAN 450/500 can 6 pk,13/10/2019,153661,90609,98
HERTOG JAN 450/500 can 6 pk,20/10/2019,51570,23166,93
HERTOG JAN 450/500 can 6 pk,27/10/2019,56261,25227,94
HERTOG JAN 450/500 can 6 pk,03/11/2019,73420,42690,96
HERTOG JAN 450/500 can 6 pk,10/11/2019,53520,24063,94
HERTOG JAN 450/500 can 6 pk,17/11/2019,54684,24501,95
HERTOG JAN 450/500 can 6 pk,24/11/2019,74804,43506,96
HERTOG JAN 450/500 can 6 pk,01/12/2019,54820,24732,95
HERTOG JAN 450/500 can 6 pk,08/12/2019,146444,86307,98
HERTOG JAN 450/500 can 6 pk,15/12/2019,56321,25299,95
HERTOG JAN 450/500 can 6 pk,22/12/2019,55983,25101,96
HERTOG JAN 450/500 can 6 pk,29/12/2019,58067,26076,97
HERTOG JAN 450/500 can 6 pk,05/01/2020,56458,23880,96
HERTOG JAN 450/500 can 6 pk,12/01/2020,43302,18318,94
HERTOG JAN 450/500 can 6 pk,19/01/2020,124600,69276,97
HERTOG JAN 450/500 can 6 pk,26/01/2020,46991,21072,93
HERTOG JAN 450/500 can 6 pk,02/02/2020,50896,22815,93
HERTOG JAN 450/500 can 6 pk,09/02/2020,141891,83568,98
HERTOG JAN 450/500 can 6 pk,16/02/2020,51249,23154,95
HERTOG JAN 450/500 can 6 pk,23/02/2020,55214,24780,95
